post_type,ID,post_name,post_title,tax_serviceCategory,post_content,項目1,内容1,項目2,内容2,項目3,内容3,項目4,内容4,項目5,内容5,詳細リンク,詳細リンクURL,詳細リンク2,詳細リンク2URL
service,15071,kodomo-kyubyo-denwa-sodan,こども急病電話相談,妊娠出産・子育てに関する病院と救急連絡先,お子さんの急病についての電話相談ができます,概要,"夜間・休日のお子さんの急な発熱や腹痛などで困ったときに、神戸こども初期急病センターの看護師がアドバイスします。
すぐに医療機関を受診した方がよいのか、様子を見ても大丈夫なのか迷うときや、症状に対する対処方法が分からないときなどにご利用ください
月曜日から金曜日：20：00から翌朝7：00
土曜日：15：00から翌朝7：00
休日：9：00から翌朝7：00",,,,,,,,,こども初期急病センター電話相談窓口（外部サイト）,http://www.kobe-kodomoqq.jp/tel_counseling/index.html,神戸市の救急医療体制（神戸市サイト）,http://www.city.kobe.lg.jp/safety/medical/taisei/99TAISEI.html
service,15081,hoikusho-hoikuryo,保育料徴収金基準額について,定期的に利用する教育・保育サービス,"保育所保育料は前年の収入によって決定しています",概要,保育所保育料は、入所するお子さんの世帯の前年分所得税額（年少扶養控除及び特定扶養控除の上乗せ部分があるものとして算定した額（所得税が課税されていない場合は、前年度の市民税の課税状況））により決定します。,,,,,,,,,保育所入所のご案内（神戸市サイト）,http://www.city.kobe.lg.jp/child/grow/nursery/index_03.html,,
service,15091,hoikusho-entei-kaiho,保育所・幼稚園の園庭開放,親子で楽しめるイベント・催し,保育所・幼稚園で園庭開放を行っています。,概要,"市内の保育所・幼稚園では園庭開放を行っています。
保育所・幼稚園に関心がある方や、広い園庭でお子さんを思いっきり遊ばせたい方など、お気軽にお越しください。
市立幼稚園では「幼児のひろば」、私立幼稚園では「みんなの幼稚園」として実施しています。",,,,,,,,,保育所園庭開放（神戸市サイト）,http://www.city.kobe.lg.jp/child/grow/box/Asobiba/hoikusho/index.html,みんなの幼稚園事業（神戸市サイト）,http://www.city.kobe.lg.jp/child/grow/box/Asobiba/youchien/index.html
service,15101,matternity-mark,マタニティマーク,妊娠・出産に関する届出,"妊娠中であることを周囲にお知らせするマークです",概要,"神戸市では、母子健康手帳とともにマタニティマーク入りストラップをお渡ししています。
妊娠中、特に初期は、赤ちゃんの成長はもちろん、お母さんにとっても大切な時期ですが、おなかが目立たないことから周囲の理解が得られにくい場合があります。
赤ちゃんとお母さんの健康を守るために、ぜひマタニティマークをご利用ください。",,,,,,,,,マタニティマークにご理解とご協力を（神戸市サイト）,http://www.city.kobe.lg.jp/child/maternity/maternitymark.html,,
service,15111,syoki-kyubyo-center,神戸こども初期急病センター,妊娠出産・子育てに関する病院と救急連絡先,小児内科の休日・夜間の初期救急医療機関です,概要,"15歳未満のお子さんの急な内科系疾患について、休日・夜間365日診察を行います。
月曜日から金曜日　19：30から翌朝6：30（診療開始は20：00から）
土曜日　14：30から翌朝6：30（診療開始は15：00から）
休日　8：30から翌朝6：30（診療開始は9：00から）",対象者,15歳未満の急な内科系疾患のお子さん,利用できる人,15歳未満の急な内科系疾患のお子さん,利用料（費用）,診療報酬制度による,申請期日,−,神戸こども初期急病センター（外部サイト）,http://www.kobe-kodomoqq.jp/,神戸こども初期急病センター（神戸市サイト）,http://www.city.kobe.lg.jp/safety/medical/kodomoqq/index.html
service,15121,kosodate-shien-hiroba,大学と連携した地域の子育て支援ひろば,親子で楽しめるイベント・催し,"大学と連携した、子育て中の親子が集える場です",概要,"神戸市では、大学と連携して子育て中の親子が集える場をつくっています。子育て中の親子の交流の場や、子育て等に関する相談、地域の子育て情報の提供などを行っています。
現在実施している大学は、甲南女子大学、神戸大学、神戸松蔭女子学院大学、神戸親和女子大学、神戸常盤大学、神戸市看護大学です。",対象者,乳幼児とその保護者,利用できる人,乳幼児とその保護者,利用料（費用）,無料,申請期日,−,大学と連携した地域子育て支援拠点づくり（神戸市サイト）,http://www.city.kobe.lg.jp/child/grow/support/daigaku.html,,
service,15131,kobekko-land,こべっこランド,親子で使える施設・スペース,"遊べる!!学べる!!みんなの広場!!こべっこランド",概要,こべっこランドは、さまざまな体験型の講座・イベントの実施や、発達がゆっくりな子どもたちへの療育支援を通して、子どもたちが遊び・学び、心身ともに健やかに育つためのサポートを行う大型児童センターです。,対象者,"18歳未満の児童
（就学前の児童は保護者の同伴が必要）",利用できる人,対象者と同じ,利用料（費用）,無料,申請期日,-,遊べる!! 学べる!! みんなの広場!! こべっこランド（外部サイト）,http://www.kobekko.or.jp/,,
service,15141,jido-hattatu-shien-center,児童発達支援センター,未熟児・障害・難病のお子さんへのお金などのサポート,障害のあるお子さんのための施設です,概要,障害を持つ児童に対し、社会適応に必要な知識・技能を取得するための訓練や、療育を行っています。,対象者,市内に住む知的障害児（発達障害含む）、肢体不自由児、難聴児等障害のある18歳未満の児童,利用できる人,市内に住む障害児通所支援給付決定を受けた児童,利用料（費用）,保護者の方の前年分の所得税額等に応じて決定されます。,申請期日,随時,障害児に関わる施設（神戸市サイト）,http://www.city.kobe.lg.jp/information/institution/welfare/index_01.html,,
service,15161,kobeshi-chiiki-kosodate-shien-center,神戸市地域子育て支援センター・応援プラザ(地域子育て支援拠点),親子で使える施設・スペース,"お子さんの遊びはもちろん、お母さんの交流・相談の場です",概要,"神戸市地域子育て支援センター・応援プラザは、神戸市内の各区で、保育の専門家の保育士が、区役所、保育所、子育て支援施設などと連携し、さまざまな子育ての支援をしています。
出会いを広げ、子育ての輪を広げていきます。お気軽にお越しください。",対象者,神戸市にお住まいの乳幼児とその保護者,利用できる人,神戸市にお住まいの、子育て中の親子,利用料（費用）,無料,申請期日,-,神戸市地域子育て支援センター・応援プラザ(地域子育て支援拠点)（神戸市サイト）,http://www.city.kobe.lg.jp/child/grow/chiiki/index.html,,
service,15171,kominkan,公民館,親子で使える施設・スペース,,概要,"神戸市内には公民館が7か所あります。
公民館は、市民の皆さんが教養を高め、健康を増進し、情操豊かな人間に育っていくための社会教育施設です。",対象者,どなたでもご利用いただけます。,利用できる人,どなたでもご利用いただけます。,利用料（費用）,"施設により異なります。
詳細は必ず公民館にお問い合わせください。",申請期日,-,公民館（神戸市サイト）,http://www.city.kobe.lg.jp/information/institution/institution/koumin/index.html,,
service,15181,jidokan,児童館,親子で使える施設・スペース,"お子さんの遊び場も情報提供も兼ねそなえています",概要,神戸市内には児童館が122か所あります。市内に住む18歳未満の児童に健全な遊びを与えその健康を増進するとともに、豊かな情操を育むことを目的としています。,対象者,"18歳未満の児童
（就学前の児童は保護者の同伴が必要）",利用できる人,対象者と同じ,利用料（費用）,無料,申請期日,-,児童館（神戸市サイト）,http://www.city.kobe.lg.jp/child/grow/box/Asobiba/jidokan/index.html,,
service,15191,minnano-yochien,みんなの幼稚園（園庭開放など）,親子で楽しめるイベント・催し,幼稚園に入る前に体験できます,概要,"幼稚園では、就園前の地域の幼児とその保護者の方を対象に、親子で登園して遊ぶ機会を提供しています。同年齢のお子さんが集い、先生の話を聞いたり砂場で遊んだりして、在園児と一緒に遊ぶ機会をもっています。また、子育てについての相談も行っています。
私立幼稚園では、園庭開放も行なっています。
実施内容、実施日、実施時間については、各園にお問い合わせください。",,,,,,,,,みんなの幼稚園事業（神戸市サイト）,http://www.city.kobe.lg.jp/child/grow/box/Asobiba/youchien/index.html,,
service,15201,toshokan-jido-service,図書館の子ども向けイベント,親子で楽しめるイベント・催し,"赤ちゃんと一緒に図書館におこしください",概要,神戸市内の図書館では、お子さんや保護者の方向けの様々なイベントを開催しています。定期的なイベントや、季節ごとの特別なイベントなどがあります。いくつかの図書館では定期的に、小さいお子さん向けの「おはなし会」などを開催している館もあります。（中央、東灘、兵庫、北、北神、新長田、須磨、垂水）,対象者,どなたでもご参加いただけます,申請できる人,-,利用料（費用）,無料,申請期日,-,行事案内（神戸市サイト）,http://www.city.kobe.lg.jp/information/institution/institution/library/event/index.html,施設案内（神戸市サイト）,http://www.city.kobe.lg.jp/information/institution/institution/library/facilities/index.html
service,15231,rinyu-syoku,離乳食の作り方講座,妊娠出産・子育てに役立つ教室・講座,離乳食についての悩みや不安を解消する講座です,概要,初めて離乳食づくりを経験する保護者を対象に、離乳食の作り方・進め方を実際に見て体験することができる講座を開催しています。,対象者,5か月から6か月のお子さん（第1子）の保護者の方,申し込みできる人,対象となるお子さんの保護者の方,利用料（費用）,無料,申し込み期限,"教室への参加は、予約制です。
神戸市総合コールセンターへお申し込みください。",離乳食の作り方講座（神戸市サイト）,http://www.city.kobe.lg.jp/life/health/promotion/eating/rinyuushokukouza.html,,
service,15241,sukusuku-akachan-seminer,すくすく赤ちゃんセミナー,妊娠出産・子育てに役立つ教室・講座,"お子さんの健康について学びましょう",概要,5か月から6か月児をもつ保護者を対象に離乳食や育児・歯科に関する講習会を行っています。,対象者,5か月から6か月のお子さんを持つ保護者の方,申請できる人,対象となるお子さんの保護者の方,利用料（費用）,無料,申請期日,-,すくすく赤ちゃんセミナー（神戸市サイト）,http://www.city.kobe.lg.jp/child/maternity/seminar/h058.html,,
service,15251,pre-papa-mama-syokuiku-koza,プレパパママ食育講座,妊娠出産・子育てに役立つ教室・講座,"初めて赤ちゃんを迎えるパパ・ママに「食育」について考えていただく講座です",概要,"パパ・ママの日頃の食生活や栄養のバランスのとれた食事づくりの話とバランス食の調理実習（昼食）のほか、妊娠中の薬や、赤ちゃんへの薬の飲ませ方などのお話があります。
大人の食事から応用して作る離乳食体験もあります。",対象者,初産の妊婦及びその夫,申請できる人,対象となる方ご本人,利用料（費用）,"2人で1,000円",申請期日,"教室への参加は、予約制です。
神戸市総合コールセンターへお申し込みください。",プレパパママ食育講座（神戸市サイト）,http://www.city.kobe.lg.jp/life/health/promotion/eating/purepapa.html,,
service,15271,yochinen-azukari-hoiku,幼稚園での預かり保育,定期的に利用する教育・保育サービス,"幼稚園の教育時間終了後もお子さんを預かります",概要,神戸市内の一部の幼稚園及び認定こども園では、教育時間の開始前や終了後、夏休みなどの休園日に、お子さん（教育標準時間認定を受けている方）をお預かりしています。通常の利用者負担額(保育料)に加え、別途利用料が必要です。,対象者,原則として、その園に在園するお子さん,申請できる人,原則として、その園に在園するお子さん,利用料（費用）,各幼稚園・認定こども園へお問い合わせください。,申請期日,各幼稚園・認定こども園へお問い合わせください。,,,,
service,15281,youchien-nyuusho,幼稚園への入園,定期的に利用する教育・保育サービス,,概要,幼稚園は3歳から就学前の子どを対象に、幼児期の学校教育を行います。,対象者,"満3歳から小学校就学前のお子さん【1号認定が必要】

市立幼稚園は4歳児及び5歳児クラスを利用するお子さんが対象となります。（2年保育・一部3年保育を実施する園もあります。）

「支給認定についてはこちら（http://kobe-city.mamafre.jp/archives/service/hoiku-riyounintei/）」
※新制度に移行しない幼稚園は、「支給認定」の手続きが不要です。
※他の市町村にお住まいの方は、それぞれの市町村での認定になります。

利用できる時間帯は「朝から昼すぎ」です。（利用時間の前後や長期休業中に預かり保育を行っている園もあります。）",申し込みできる人,対象となるお子さんの保護者の方,利用料（費用）,"新制度に移行した幼稚園では、所得に応じてお住いの市町村が定める「利用料負担額（保育料）」を毎月納入することになります。
利用者負担額の階層は、子どもと同一世帯に属して生計を一にしている父母及び父母以外の扶養義務者（家計の主宰者）のすべての方の市町村民税額の合算等で決まります。
・平成27年4月から8月の利用者負担額
平成26年度市町村民税額（平成25年分の所得が反映）等に基づき算定
・平成27年9月から平成28年3月の利用者負担額
平成27年度市町村民税額（平成26年分の所得が反映）等に基づき算定

※現行の「私立幼稚園就園奨励助成金」を考慮して、あらかじめ所得に応じて軽減された利用者負担額（保育料）を納入していただくことになりますので、就園奨励助成金は支給されません。

・新制度に移行しない幼稚園は園ごとに定める額となります。（市民税所得割額に応じて就園奨励助成金が支給されます。）

「就園奨励助成金についてはこちら（http://kobe-city.mamafre.jp/archives/service/shiritsu-yochien-shuen-shorei/）」",申し込み期限,"・4月入園については、例年、10月頃受付けを行います。・年度途中の入園については、各園にお問い合わせください。・申込は直接園で受付けています。",1号認定のご案内／申請・利用申込み方法（神戸市サイト）,http://www.city.kobe.lg.jp/child/grow/shinseido/index03_02.html,,
service,15291,byoji-byogoji-hoiku,病児・病後児保育,一時的に利用できる保育サービス,"病気のお子さんを預かります",概要,"就学前、または普段は保育所などに通所しているお子さんが、病気や病気の回復期にあることから保育所等での集団保育が難しく、かつ、保護者の方が就労などによって保育を行うことができない場合、病児・病後児保育を行っている施設でお預かりします。
神戸市では、病児・病後児の両方に対応できる施設で事業を行っています。",対象者,"・対象児童
神戸市内に居住している就学前のお子さん、または市内の保育所（園）、幼稚園、小学校に通う小学校低学年までのお子さんで、下記に該当する病気等で、当面の症状の急変が認められない場合もしくは回復期にある場合で他のお子さんとの集団生活が困難なお子さんです。

・対象疾患 
感冒、消化不良症（感染性胃腸炎）等、乳幼児が日常罹患する疾患や感染性疾患（麻疹、水痘、風疹等）、喘息等の慢性疾患及び骨折等の外傷性疾患など",申請できる人,対象となるお子さんの保護者の方,利用料（費用）,"1日子ども1人あたり2,000円
生活保護法による被保護世帯、所得税・住民税が非課税の世帯は、利用料金が減額になります。利用申し込み時、施設に申請してください。
また利用にあたっては施設への事前登録が必要となります。",申請期日,随時,神戸市病児・病後児保育事業について（神戸市サイト）,http://www.city.kobe.lg.jp/child/grow/support/byouji.html,,
service,15301,kosodate-refresh-stay,子育てリフレッシュステイ,一時的に利用できる保育サービス,"お子さんを一時的にお預かりする制度です",概要,"病気や出産、事故などでお困りになったときや、講座やボランティア活動に参加したり、リフレッシュしたいときに、お近くの児童養護施設、乳児院、母子生活支援施設でお子さんをお預かりする制度です。
ショートステイは、宿泊を伴ってお子さんをお預かりします。
デイサービスは、一日のうち一定時間お預かりします。

※施設の入所状況によりご利用が制限される場合があります。",対象者,18歳未満のお子さんをお持ちで、神戸市に住民票がある方,申請できる人,対象となるお子さんの保護者の方,利用料（費用）,"【病気、出産、事故などの場合】
2歳未満児、慢性疾患児：ショートステイ5,300円、デイサービス2,400円
2歳以上児：ショートステイ4,000円、デイサービス2,400円

【上記以外、その他の場合】
2歳未満児、慢性疾患児：ショートステイ6,600円、デイサービス3,600円
2歳以上児：ショートステイ5,200円、デイサービス3,600円",申請期日,"ご利用にあたっては事前登録が必要です。
登録、利用申込はご希望の施設にご相談ください。",子育てリフレッシュステイ（神戸市サイト）,http://www.city.kobe.lg.jp/child/grow/support/b041.html,,
service,15311,famirly-support,ファミリー・サポート・センター,一時的に利用できる保育サービス,"育児の支援を行う会員組織です。",概要,神戸市が設置するファミリー・サポート・センターでは、子育ての援助を受けたい人(依頼会員)と援助を行いたい人(協力会員)の会員登録を行い、協力会員が依頼会員に対してさまざまな育児の手助けを行っています。,対象者,"・子育ての援助を受けたい方（依頼会員）
概ね生後3か月から小学生までの乳幼児、児童がいる方
・子育ての援助を行いたい方（協力会員）
心身ともに健康で、子育てに理解のある方で自宅で子どもを預かることができる方
※センターが実施する説明会、講習会を受講し、会員登録をすることが必要です。
※依頼会員と協力会員の両方に登録することもできます。",申請できる人,センターの講習を受講し、会員登録した方,利用料（費用）,"時間帯により異なります
※詳しくはウェブサイトをご覧ください",申請期日,説明会、講習会等の予約は随時受付しております。,ラブ･リング こうべ（外部サイト）,http://www.with-kobe.or.jp/cgi-bin/news/index.cgi?mode=top&genre=1,,
service,15341,hoiku-nyuusho,保育所(園)への入所,定期的に利用する教育・保育サービス,,概要,保育所とは、共働きなどの理由により、日中家庭で保育ができない場合に、必要に応じて保育を行う児童福祉施設です。,対象者,"0歳から満3歳未満のお子さん【3号認定が必要】
満3歳以上から小学校就学前のお子さん【2号認定が必要】

利用できる時間帯は「朝から夕」です。
それぞれの施設があらかじめ開所時間及び延長保育実施時間を定めています。支給認定された保育必要量（保育標準時間または保育短時間）に応じ、それぞれに保育を必要とする範囲内で利用することができます。（基本的に利用時間の前後に延長保育を行っています。）

「支給認定についてはこちら（http://kobe-city.mamafre.jp/archives/service/hoiku-riyounintei/）」",申し込みできる人,"対象となるお子さんの保護者の方

保護者のいずれもが「保育を必要とする事由」がある場合に、市町村の認定（支給認定）及び利用調整を経て利用を申込できます。あらかじめ利用を希望する施設が所在する区役所に申込が必要です。
※「保育を必要とする事由」については下記ページ内の「2・3号認定のご案内（PDF）」にて詳細をご確認ください。

「2・3号認定のご案内／申請・利用申込み方法（神戸市サイト）（http://www.city.kobe.lg.jp/child/grow/shinseido/index03_02.html）」",利用料（費用）,"市町村が保護者の所得に応じて定める「利用者負担額（保育料）」を毎月納入することになります。
利用者負担額の階層は、子どもと同一世帯に属して生計を一にしている父母及び父母以外の扶養義務者（家計の主宰者）のすべての方の市町村民税額の合算等で決まります。
・平成27年4月〜8月の利用者負担額
平成26年度市町村民税額（平成25年分の所得が反映）等に基づき算定
・平成27年9月〜平成28年3月の利用者負担額
平成27年度市町村民税額（平成26年分の所得が反映）等に基づき算定",申し込み期限,"・4月入園については、例年11月頃受付けを行います。
・年度途中の入園については、入所希望月の前々月末日までにお申し込みください。
・申込は各区役所・支所で受付けています。",保育所（神戸市サイト）,http://www.city.kobe.lg.jp/child/grow/shinseido/index02_06.html,,
service,15351,kyujitsu-yakan-hoiku,休日保育,定期的に利用する教育・保育サービス,,概要,"保護者が日曜日や祝日に就労を必要とし、ご家庭でお子さまの保育ができないとき、一部の施設でお子さま（保育認定を受けている方）をお預かりする休日対応の保育を行っています。

＜実施施設＞
甲南山手保育園
名谷みどりこども園",対象者,"以下のすべてに該当するお子さんが対象です。
・年齢は、満１歳から小学校就学前まで
・神戸市内の市立・私立の認可保育所（園）、認定こども園、小規模保育、事業所内保育に保育認定を受けて入所中（一時保育除く）
・休日に勤務等により保育できない保護者のお子さん",申請できる人,対象となるお子さんの保護者の方,利用料（費用）,無料,申請期日,"随時
※事前登録が必要です。
※1週間前までの事前申し込みが必要です。",休日保育（神戸市サイト）,http://www.city.kobe.lg.jp/child/grow/shinseido/index02_06_2.html,,
service,15361,nintei-kodomo-en,認定こども園への入園,定期的に利用する教育・保育サービス,,概要,"就学前の子どもの教育・保育を一体的に行う施設です。保護者の働いている、いないにかかわらず、利用することが可能です。認定こども園には以下の類型があります。

＜幼保連携型＞
認可幼稚園と認可保育所とが連携して、一体的な運営を行うことにより、認定こども園としての機能を果たすタイプ

＜幼稚園型＞
認可幼稚園が、保育を必要とする子どものための保育時間を確保するなど、保育所的な機能を備えて認定こども園としての機能を果たすタイプ

＜保育所型＞
認可保育所が、保育を必要とする子ども以外の子どもも受け入れるなど、幼稚園的な機能を備えることで認定こども園としての機能を果たすタイプ",対象者,"（1）満3歳から小学校就学前のお子さん【1号認定が必要】
利用できる時間帯は「朝から昼すぎ」です。（利用時間の前後や長期休業中に預かり保育を行っている園もあります。）
（2）0歳以上から小学校就学前のお子さん【2号・3号認定が必要】
　利用できる時間帯は「朝から夕」です。（基本的に、利用時間の前後に延長保育を行っています。）

「支給認定についてはこちら（http://kobe-city.mamafre.jp/archives/service/hoiku-riyounintei/）」",申し込みできる人,"対象となるお子さんの保護者の方

上記（2）の場合、保護者のいずれもが「保育を必要とする事由」により、家庭においてお子さまの保育が困難な場合に、2号・3号認定を受けて、利用を申込できます。
※「保育を必要とする事由」については下記ページ内の「2・3号認定のご案内（ＰＤＦ）」にて詳細をご確認ください。

「2・3号認定のご案内／申請・利用申込み方法（神戸市サイト）（http://www.city.kobe.lg.jp/child/grow/shinseido/index03_02.html）」",利用料（費用）,"新制度では、所得に応じてお住いの市町村が定める「利用料負担額（保育料）」を毎月納入することになります。
利用者負担額の階層は、子どもと同一世帯に属して生計を一にしている父母及び父母以外の扶養義務者（家計の主宰者）のすべての方の市町村民税額の合算等で決まります。
・平成27年4月から8月の利用者負担額
平成26年度市町村民税額（平成25年分の所得が反映）等に基づき算定
・平成27年9月から平成28年3月の利用者負担額
平成27年度市町村民税額（平成26年分の所得が反映）等に基づき算定",申し込み期限,"4月入園については、例年1号認定であれば10月頃、2号・3号であれば11月頃受付けを行います。
年度途中の入園については
・2号・3号認定の方：入所希望月の前々月末日までにお申し込みください。
・1号認定の方：各園にお問い合わせください。
・申込は、2号・3号認定の方は各区役所、支所で１号認定の方は直接園で受付けています。",認定こども園（神戸市サイト）,http://www.city.kobe.lg.jp/child/grow/shinseido/index02_05.html,,
service,15371,ichiji-hoiku,一時保育,一時的に利用できる保育サービス,"保育所で一時的にお子さんを預かります",概要,一時保育は、同居の家族がパート就労（保育園などの入所対象とならない程度）や病気などで断続的に保育が困難となるお子さんを、保育所等（保育所（園）、認定こども園、小規模保育、事業所内保育）でお預かりします。,対象者,神戸市にお住まいで、保護者がパート就労などのために、保育所入所の対象とならない満1歳から小学校就学前までのお子さん,申請できる人,対象となるお子さんの保護者の方,利用料（費用）,"・非定型保育（保護者の就労等により保育が困難となる場合、1週間あたり平均3日まで）
・緊急保育（保護者の病気、葬祭などで保育が一時的に困難となる場合、必要とする事由ごとに14日まで）
日額2400円（生活保護法による被保護世帯は無料）

・リフレッシュ保育（保護者の育児に伴う心理的、肉体的な負担を軽減したい場合、1か月あたり7日まで）
日額3600円",申請期日,各保育所等にお問い合わせください。,一時保育（神戸市サイト）,http://www.city.kobe.lg.jp/child/grow/nursery/index_02.html,,
service,15381,encho-hoiku,延長保育,定期的に利用する教育・保育サービス,"保育所で（時間）延長保育をします。",概要,保育所等（保育所（園）、認定こども園、小規模保育、事業所内保育）では、保護者の勤務時間などにより、認定を受けた時間帯を超えて保育が必要なお子さん（保育認定を受けている方）を対象に、別途料金を徴収のうえで、延長保育を実施しています。,対象者,保育所等に在園している、保護者などの勤務時間、残業などの事由のため、延長保育が必要なお子さん,申請できる人,対象となるお子さんの保護者の方,利用料（費用）,※手続きや利用時間・延長保育料など、詳しくは保育所等に直接おたずねください。,申請期日,各保育所等にお問い合わせください。,,,,
service,15391,shinseiji-homon,新生児訪問,産前・産後の訪問指導,"生後4か月を迎えるまでに全ご家庭を訪問します",概要,生後4か月を迎えるまでの乳児のいるすべてのご家庭を訪問し、健康状態の確認や必要な保健指導、健康や育児に関する相談、子育て支援に関する情報提供などを行います。お子さんが生まれた際の出生連絡票をもとにご訪問しますので、お申し込みは必要ありません。,対象者,生後4か月を迎えるまでの乳児のいるすべてのご家庭,申請できる人,-,利用料（費用）,無料,申請期日,お子さんが生まれたらできるだけ早めに、母子健康手帳に添付されている「出生連絡はがき」をお住まいの区保健福祉部こども保健係に郵送または提出してください。,新生児訪問（神戸市サイト）,http://www.city.kobe.lg.jp/child/maternity/examination/shinseiji/index.html,,
service,15401,mijuku-homon,未熟児の訪問,産前・産後の訪問指導,"未熟児の家庭を訪問します",概要,"未熟児のお子さんを対象に、保健師や助産師がご家庭を訪問し、健康状態の確認や必要な保健指導、不安や悩みについての相談等を行います。お子さんが生まれた際の出生連絡票をもとにご訪問しますので、お申し込みは必要ありません。
",対象者,"1. 医療機関から未熟児連絡票の提出があったお子さん
2. 低体重児の届出により、訪問の必要を認めたお子さん
3. 未熟児養育医療の対象となるお子さん",申請できる人,-,利用料（費用）,無料,申請期日,-,,,,
service,15411,ninsanpu-homon,妊産婦訪問,産前・産後の訪問指導,妊産婦さんの家庭を訪問します,概要,"妊産婦の方（妊娠中、または出産後1年以内）を対象に、保健師や助産師がご家庭を訪問し、健康状態の確認や必要な保健指導、妊娠期間中や出産後の不安や悩みについての相談などを行います。ご希望の方はお電話でお知らせください。
",対象者,"・神戸市が行う健康診査の結果、訪問指導が必要と思われる妊産婦（妊娠初期から産後1年まで）の方
・妊産婦の方で訪問指導を希望する方",申請できる人,対象となる方ご本人,利用料（費用）,無料,申請期日,随時,,,,
service,15421,nini-yobo-sesshu,任意予防接種,お子さんの予防接種,,概要,予防接種は、法令で定められた定期接種以外は本人が希望して行う任意接種になります。任意接種の費用は全額自己負担ですが、神戸市では現在、1歳から13歳未満のお子さんを対象に、小児インフルエンザワクチンの1回目の接種費用の一部を助成しています。（助成の対象となる接種期間が決められています。）,対象者,神戸市に住民登録のある、満１歳以上13歳未満のお子さん,申し込みできる人,対象となるお子さんの保護者の方,利用料（費用）,契約医療機関での接種料金の1回目のみ、一部費用を助成します。,申し込み期限,神戸市サイトにてご確認ください。,予防接種（神戸市サイト）,http://www.city.kobe.lg.jp/life/health/infection/vaccination/index.html,神戸市勧奨インフルエンザ予防接種（神戸市サイト）,http://www.city.kobe.lg.jp/life/health/infection/vaccination/inhulu-kanshou.html
service,15431,teiki-yobo-sesshu,定期予防接種,お子さんの予防接種,,概要,予防接種には、法令で定められた定期予防接種と本人が希望して行う任意予防接種とがあります。定期予防接種はヒブ、小児用肺炎球菌、4種混合（ジフテリア・百日せき・破傷風・ポリオ）、BCG、麻しん・風しん（MR)、水痘（水ぼうそう）、日本脳炎などがあります。定期予防接種は定められた時期に受けないと、接種費用は自己負担となりますのでご注意ください。,対象者,神戸市に住民登録のある、それぞれの予防接種の対象年齢となったお子さん,申請できる人,対象となるお子さんの保護者の方,利用料（費用）,原則無料,申請期日,予防接種の実施スケジュールをご覧ください。,予防接種（神戸市サイト）,http://www.city.kobe.lg.jp/life/health/infection/vaccination/index.html,,
service,15441,3sai-kenshin,3歳児健康診査,お子さんの健康,お子さんの健康と成長を定期的に見守ります,概要,"3歳の頃はからだやこころの成長とともに社会性も急速に発達し、人間形成の基礎となる大切な時期です。神戸市では3歳児健康診査を実施しています。
対象となる方のご家庭に、通知書を郵送してお知らせします。
＜健康診査の内容＞
小児科診察、歯科診察、耳鼻科診察を行います。全員の方にご案内いたします。また、育児・栄養・歯科・精神発達についての相談も行っています。

また、健康診査時には、むし歯予防のためのフッ化物塗布を希望者に行っています。（有料）
",対象者,"神戸市に住所を有する、3歳のお子さん
※対象月齢の時期に受診できない場合はお住まいの区のこども保健係へご連絡ください。",申請できる人,-,利用料（費用）,無料,申請期日,-,1歳6か月児・3歳児健康診査（神戸市サイト）,http://www.city.kobe.lg.jp/child/maternity/examination/h007.html,,
service,15451,1sai6kagetsu-kenshin,1歳6か月児健康診査,お子さんの健康,お子さんの健康と成長を定期的に見守ります,概要,"1歳6か月の頃は乳児期から幼児期に移行する大切な時期です。神戸市では1歳6か月児健診を実施しています。
対象となる方のご家庭に、通知書を郵送してお知らせします。
＜健康診査の内容＞
小児科診察、歯科診察（むし歯予測テストを実施）を行います。全員の方にご案内いたします。また、育児・栄養・歯科・精神発達についての相談も行っています。

また、健康診査時には、むし歯予防のためのフッ化物塗布を希望者に行っています。（有料）",対象者,"神戸市に住所を有する、1歳6か月のお子さん
※対象月齢の時期に受診できない場合はお住まいの区のこども保健係へご連絡ください。",申請できる人,-,利用料（費用）,無料,申請期日,-,1歳6か月児・3歳児健康診査（神戸市サイト）,http://www.city.kobe.lg.jp/child/maternity/examination/h007.html,,
service,15461,9kagetsu-kenshin,9か月児健康診査,お子さんの健康,"お子さんの健康と成長を定期的に見守ります",概要,"お子さんの病気の予防と病気の早期発見、そして健康保持と増進を目的として9か月児健康診査を実施しています。
対象となる方のご家庭に、通知書を郵送してお知らせします。
＜健康診査の内容＞
指定医療機関で総合的な健康診査を行っています。",対象者,"神戸市に住所を有する、生後9か月のお子さん
※対象月齢の時期に受診できない場合はお住まいの区のこども保健係へご連絡ください。",申請できる人,-,利用料（費用）,無料,申請期日,-,4か月児・9か月児健康診査（神戸市サイト）,http://www.city.kobe.lg.jp/child/maternity/examination/h006.html,,
service,15471,4kagetsu-kenshin,4か月児健康診査,お子さんの健康,"お子さんの健康と成長を定期的に見守ります",概要,"お子さんの病気の予防と病気の早期発見、そして健康保持と増進を目的として4か月児健康診査を実施しています。
対象となる方のご家庭に、通知書を郵送してお知らせします。
＜健康診査の内容＞
問診・診察、また、育児・栄養・歯科についての相談も同時に行っています。",対象者,"神戸市に住所を有する、生後4か月のお子さん
※対象月齢の時期に受診できない場合はお住まいの区のこども保健係へご連絡ください。",申請できる人,-,利用料（費用）,無料,申請期日,-,4か月児・9か月児健康診査（神戸市サイト）,http://www.city.kobe.lg.jp/child/maternity/examination/h006.html,,
service,15481,senten-taisha-ijo-kensa,先天性代謝異常等検査,お子さんの健康,,概要,"神戸市では、生後5日から7日までの新生児を対象として、フェニールケトン尿症等の先天性代謝異常や先天性甲状腺機能低下症（クレチン症）などの内分泌疾患を早期に発見するために先天性代謝異常検査等を行っています。（19疾患）
これらの疾患を早期に発見し、適切な治療を続ければ、障害などの発生を未然に防ぐことができます。",対象者,神戸市内の医療機関・助産所で出生した新生児,申請できる人,"対象となるお子さんの保護者の方
（出産した医療機関・助産所で検査申込書をご記入いただきます）",利用料（費用）,"無料
※採血料は別途3,500円かかります。
なお所得によっては採血料が公費負担となりますので、お住まいの区の区役所こども家庭支援課こども保健係にお問い合わせください。",申請期日,-,先天性代謝異常等検査（神戸市サイト）,http://www.city.kobe.lg.jp/child/maternity/examination/h004.html,,
service,15491,shimin-kenshin,市民健診（神戸市健康診査、特定健康診査、がん検診等）,お母さんの健康,保護者の方の健診も充実しています,概要,"子育て世代の方々は、自分自身の健康よりも子どものことばかりになりがちです。保護者が健康であってこその子育てです。日ごろから自分自身の健康管理もしっかりしておきましょう。
神戸市では、神戸市健康診査、神戸市国保特定健康診査、がん検診等を実施しています。
健診を受ける機会のない、当年度30歳、35歳から39歳の方は神戸市健康診査を、40歳以上の方は特定健診を受けましょう。
乳がん検診や子宮頸がんの検診は、当年度に偶数年齢を迎える方が対象になります。",対象者,"健診・検診、年齢により異なります。
※詳細は、神戸市ホームページ　市民健診（神戸市健康診査、特定健康診査、がん検診等）をご覧ください。",申請できる人,,利用料（費用）,"健診・検診、年齢により異なります。
※詳細は、神戸市ホームページ　市民健診（神戸市健康診査、特定健康診査、がん検診等）をご覧ください。",申請期日,-,市民健診（神戸市健康診査、特定健康診査、がん検診等）（神戸市サイト）,http://www.city.kobe.lg.jp/life/health/checkup/shimin/index.html,,
service,15501,ninpu-shika-kenshin,妊婦歯科健康診査,お母さんの健康,妊娠中の歯の健康を守ります,概要,妊娠中は、つわりやホルモンの影響で、口の中の状態が変化しやすくむし歯や歯周病にかかりやすくなるため注意が必要です。体調が安定すれば歯科健診を受けましょう。,対象者,安定期に入ってすぐ、妊娠16週から20週くらいに受けましょう。,申し込みできる人,対象となる方ご本人,利用料（費用）,"無料
（妊娠期間中に1回）",申し込み期限,"市内の「指定（実施）医療機関（歯科医院）」でのみ受診できます。
母子健康手帳交付時に受診券をお渡しします。
電話予約のうえ、受診してください(予約制)。",妊婦歯科健康診査（神戸市サイト）,http://www.city.kobe.lg.jp/life/health/checkup/dental/ninpu.html,,
service,15511,shiritsu-yochien-shuen-shorei,私立幼稚園就園奨励助成金,定期的に利用する教育・保育サービス,"私立幼稚園の通園にかかる費用を補助します",概要,"私立幼稚園に通うお子さんの保護者の方の経済的な負担を軽減するため、入園料・保育料を補助する事業を行っています。 ※新制度による給付を受ける幼稚園を利用する場合は、本助成の対象とはなりません。",支給内容,幼稚園の入園料、保育料などを補助します。補助金の額は、保護者の市民税所得割額やきょうだいの就学状況、対象園児が第何子かなどによって異なります。,対象者,対象となる幼稚園児の保護者で、一定の要件を満たす方,申請できる人,対象となるお子さんの保護者の方,申請期日,毎年6月頃に各幼稚園を通じてお知らせします。,私立幼稚園就園奨励助成金のご案内（神戸市サイト）,http://www.city.kobe.lg.jp/child/grow/support/gakuzi001.html,,
service,15521,judosyogaisya-koreijudosyogaisya,重度障害者医療費の助成,未熟児・障害・難病のお子さんへのお金などのサポート,"障害をお持ちのお子さんの医療費の一部を助成します",概要,一定以上の障害をお持ちのお子さんの医療費の一部を助成します。病院などで受診する際に保険証といっしょに重度障害者医療費受給者証を提示することで助成を受けることができます。（兵庫県内のみ有効ですので県外で受診された場合は、償還払いの手続きが必要です）,支給内容,医療保険を利用して医療を受けた場合の自己負担分（医療費の3割など）から福祉医療一部負担金を控除した額,対象者,"以下の1から6までの全てを満たしている方
1.神戸市内に住所を有すること
2.次のいずれかに該当すること
   ・身体障害者手帳1級または2級
   ・重度の知的障害
   ・身体障害者手帳3級と中度の知的障害との重複障害者
   ・内部障害（心臓、じん臓、呼吸器、ぼうこう、直腸、小腸、ヒト免疫不全ウイルスによる免疫、肝臓機能）の等級が3級の身体障害者手帳所持者
   ・精神障害者保健福祉手帳1級（精神疾患にかかる医療費については福祉医療の助成対象外で、一般医療のみが福祉医療の助成対象です。）
3.所得制限の限度額未満の方
4.何らかの医療保険制度に加入していること
5.老人医療、乳幼児等・こども医療、または母子家庭等医療の受給者、または生活保護受給者でないこと
6.医療の目的をもって、単身で神戸市内に転入した者でないこと
",申請できる人,対象者ご本人,申請期日,随時,重度障害者・高齢重度障害者医療費助成（神戸市サイト）,http://www.city.kobe.lg.jp/life/community/handicap/iryoutokyufu/iryou/11_1_4.html,,
service,15531,tokutei-shikkan-kenkyu,指定難病医療費（旧・特定疾患医療費）の助成,未熟児・障害・難病のお子さんへのお金などのサポート,難病患者さんの医療費を補助します,概要,"「難病の患者に対する医療等に関する法律」の施行に伴い、平成27年1月1日から、指定難病110疾病を対象とした医療費助成制度が始まりました。

「対象となる疾病についてなど、詳しくはこちら（子育てタウンサイト）（http://kosodatetown.mamafre.jp/tokuteishikkan-iryohi-taisyoshikkan/）」",支給内容,都道府県等から指定を受けた医療機関（病院、診療所、薬局及び訪問看護事業所）で、認定を受けた疾病と、その疾病に付随して現れた傷病の治療にかかった保険診療による医療費の自己負担分の一部または全額を助成します。（所得状況に応じた自己負担額があります。）,対象者,神戸市内に住民登録があり、厚生労働省の定める指定難病で認定基準に該当していると認められた、何らかの健康保険の被保険者または被扶養者である方,申請できる人,対象となる方ご本人もしくは保護者,申請期日,"随時
※申請書類が受理された日が公費負担の開始日になります。",新たな難病制度に関するご案内（兵庫県サイト）,https://web.pref.hyogo.lg.jp/kf16/mokujinanbyou.html,県単独特定疾患治療研究事業（兵庫県サイト）,http://web.pref.hyogo.lg.jp/hw12/hw12_000000091.html
service,15541,shoni-mansei-tokutei-shikkan-kenkyu,小児慢性特定疾病医療費の助成,未熟児・障害・難病のお子さんへのお金などのサポート,,概要,"お子さんの慢性疾患のうち、その治療が長期にわたる特定の疾病について、その治療にかかる医療費の一部または全額を公費により負担します。
この事業は、小児慢性特定疾病の治療の確立と普及を図り、お子さんの心身にわたる健全な育成を促進するとともに、ご家庭の経済的な負担を軽減するために実施しています。

「対象となる疾病についてなど、詳しくはこちら（子育てタウンサイト）（http://kosodatetown.mamafre.jp/syonimansei-tokuteishikkan-taisyosikkan
/）」",支給内容,"医療費（医療保険各法の適用範囲内）、入院時食事療養費及び訪問看護医療費にかかる自己負担分ならびに薬剤一部負担金から、月額の自己負担限度額（所得に応じたもの）を差し引いた残額を神戸市が負担します。
※審査があります。",対象者,神戸市に居住し、小児慢性特定疾病医療費助成制度の対象疾病にり患している18歳未満（18歳になる時点で給付を受けている場合は、20歳未満）のお子さん。,申請できる人,対象となるお子さんの保護者の方,申請期日,随時,小児慢性特定疾病医療費助成制度のご案内（神戸市サイト）,http://www.city.kobe.lg.jp/life/health/promotion/intractable/child/annai.html,,
service,15551,shogaiji-fukushi-teate,障害児福祉手当,未熟児・障害・難病のお子さんへのお金などのサポート,"障害のあるお子さんを支援します",概要,"障害児福祉手当とは、精神または身体に重度の障害があり、日常生活において常時介護を必要とする20歳未満のお子さんに対して、福祉の向上を図ることを目的として支給される手当です。
所得制限がありますので、基準額以上の所得がある場合、手当は支給されません。",支給内容,"月額1万4480円
（2月、5月、8月、11月に、前月までの3か月分をまとめて支給）

※上記は、2015年4月分からの手当額です。
　（2015年3月分までは、月額1万4140円）",対象者,"下記の要件を満たす、20歳未満の障害児の方

（1）下記のいずれかにあてはまる障害があること
　1 両眼の視力の和が0.02以下のもの
　2 両耳の聴力が補聴器を用いても音声を識別することができない程度のもの
　3 両上肢の機能に著しい障害を有するもの
　4 両上肢のすべての指を欠くもの
　5 両下肢の用を全く廃したもの
　6 両大腿を2分の1以上失ったもの
　7 体幹の機能に座っていることができない程度の障害を有するもの
　8 前各号に掲げるもののほか、身体の機能の障害又は長期にわたる安静を必要とする病状が前各号と同程度以上と認められる状態であって、日常生活の用を弁ずることを不能ならしめる程度のもの
　9 精神の障害であって、前各号と同程度以上と認められる程度のもの
　10 身体の機能の障害若しくは病状又は精神の障害が重複する場合であって、その状態が前各号と同程度以上と認められる程度のもの
　（備考）　視力の測定は、万国式試視力表によるものとし、屈折異常があるものについては矯正視力によって測定する。

（2）障害基礎年金など、障害を事由とする年金等の給付を受けることができないこと

（3）肢体不自由児施設など、居住施設等へ入所していないこと",申請できる人,対象者ご本人、法定代理人、任意代理人,申請期日,随時,生活の自立「経済的支援」（神戸市サイト）,http://www.city.kobe.lg.jp/life/community/handicap/seikatsujiritsu/keizaishien/s063.html,,
service,15561,tokubetsu-jido-fuyo-teate,特別児童扶養手当,未熟児・障害・難病のお子さんへのお金などのサポート,"障害のあるお子さんをお持ちの家庭を支援します",概要,"特別児童扶養手当とは、精神または身体に障害のある20歳未満のお子さんを養育している方に、お子さんの福祉の増進を図ることを目的として支給される手当です。
所得制限がありますので、基準額以上の所得がある場合、手当は支給されません。",支給内容,"●特別児童扶養手当1級（重度）：月額5万1100円
●特別児童扶養手当2級（中度）：月額3万4030円
（4月、8月、11月に4か月分をまとめて支給）

※上記は、2015年4月分（8月支給分）からの手当額です。",対象者,"20歳未満で、法令により定められた程度（重度の場合は1級、中度の場合は２級となります。詳しくは窓口にお問い合わせください。）の障害のある児童を養育する父母または養育者

＜手当の受給（申請）ができない場合＞
・養育している障害児が施設等に入所している場合
・養育している障害児が日本国内に住所を有しない場合
・養育している障害児が当障害を支給事由とする年金を受給している場合
・受給者（申請者）が、日本国内に住所を有しない場合
",申請できる人,対象者ご本人,申請期日,随時,生活の自立「経済的支援」（神戸市サイト）,http://www.city.kobe.lg.jp/life/community/handicap/seikatsujiritsu/keizaishien/s063.html,,
service,15571,hitorioya-yutai,神戸市のひとり親家庭の方への優待制度,ひとり親の方へのお金などのサポート,,概要,"ひとり親の方への貸付・優待制度には、「市バス・市営地下鉄等の無料乗車証」の他に
・「税の所得控除（http://www.city.kobe.lg.jp/child/family/family/kasituke05.html）」
・「少額貯蓄非課税制度（マル優）（http://www.city.kobe.lg.jp/child/family/family/kasituke03#midashi13489l）」
・「電話設置時の優遇措置（http://www.city.kobe.lg.jp/child/family/family/kasituke03#midashi13442）」
・「たばこ小売販売業の許可（http://www.city.kobe.lg.jp/child/family/family/kasituke03#midashi86773）」 
があります。

 詳細は各制度のページをご覧ください。",支給内容,優遇制度ごとに異なります。,対象者,優遇制度ごとに異なります。,申請できる人,優遇制度ごとに異なります。,申請期日,優遇制度ごとに異なります。,税の所得控除（神戸市サイト）,http://www.city.kobe.lg.jp/child/family/family/kasituke05.html,その他優遇制度（神戸市サイト）,http://www.city.kobe.lg.jp/child/family/family/kasituke03.html
service,15581,muryo-josha,市バス・市営地下鉄等の無料乗車証,ひとり親の方へのお金などのサポート,"神戸市が独自に支援しています",概要,児童扶養手当受給世帯や母子家庭医療の助成を受けている世帯（父子世帯を除く）、母子生活支援施設入所世帯のうち1人に、無料乗車証が交付されます。,支給内容,"下記の交通機関を無料で利用できる「福祉パス」を支給します。
■鉄道
神戸市営地下鉄、ポートライナー、六甲ライナー
■バス
神戸市バス、神戸交通振興バス（山手線・ポーアイキャンパス線）
神姫バス・神姫ゾーンバス、山陽バス
神鉄バス、阪神バス、阪急バス",対象者,児童扶養手当受給世帯や母子家庭医療の助成を受けている世帯、母子生活支援施設入所世帯,申請できる人,対象となる方ご本人、対象者がお子さんの場合は保護者等,申請期日,随時,市バス市営地下鉄等の無料乗車証（神戸市サイト）,http://www.city.kobe.lg.jp/life/community/advanced/syakaisanka/yutai/fukushi_pass.html,,
service,15591,koutou-kunren-sokushin,高等職業訓練促進給付金,ひとり親の方へのお金などのサポート,"ひとり親のお母さんまたはお父さんの資格取得中の生活費を補助します",概要,"ひとり親家庭のお母さんまたはお父さんが看護師や介護福祉士などの資格取得のため、2年以上指定された養成機関で修業する場合に次の手当が支給されます。
●高等職業訓練促進給付金（修業期間中の生活費の負担軽減のため）
●高等職業訓練修了支援給付金(入学時の負担軽減のため)",支給内容,"対象となる方の状況により、支給額は異なります。

＜高等職業訓練促進給付金＞
月額10万円 (市民税非課税世帯)
月額 7万500円(市民税課税世帯)

＜高等職業訓練修了支援給付金＞
5万円(市民税非課税世帯)
2万5000円(市民税課税世帯)",対象者,"神戸市にお住まいのひとり親家庭のお母さんまたはお父さんで、以下の要件の全てを満たす方
●児童扶養手当受給者または児童扶養手当を受給できる所得水準であること
●養成機関において2年以上のカリキュラムを修業し、対象資格の習得が見込まれること
●就業または育児と修業の両立が困難であると認められること
●過去にこの訓練促進給付金または修了支援給付金を受給していないこと
※ハローワークなどの訓練手当を受けたことがある場合は要相談",申請できる人,対象となる方ご本人,申請期日,"＜入学支援修了一時金＞
修業開始時および修業終了時においても、ひとり親家庭であること等が支給の条件となります。また、修了した日の翌日から30日以内に申請が必要です。",就業支援（神戸市サイト）,http://www.city.kobe.lg.jp/child/family/family/shigoto01.html,,
service,15601,jiritsu-kunren-kyufu,自立支援教育訓練給付金,ひとり親の方へのお金などのサポート,"ひとり親のお母さんまたはお父さんの講座受講にかかる費用を補助します",概要,雇用保険による教育訓練給付の受給資格を持たないひとり親家庭のお母さんまたはお父さんが、就職やキャリアアップのために指定された教育訓練講座を受講し、修了した場合、受講に要した費用の一部が支給されます。なお、受講が修了していないと給付金は支給されません。,支給内容,"受講費用の20％
※上限10万円
（4,000円を超えない場合は支給されません）",対象者,"神戸市にお住まいのひとり親家庭のお母さんまたはお父さんで、次の要件の全てを満たす方
・児童扶養手当受給者または児童扶養手当を受給できる所得水準にあること。
・雇用保険法による教育訓練給付の受給資格を有していないこと。
・当該教育訓練が適職に就くために必要であると認められるものであること。
・過去にこの訓練給付金を受給していないこと。",申請できる人,対象となる方ご本人,申請期日,"給付を受けるためには、当該教育訓練（講座）を受けることが適職に就くために必要であるということについて、事前相談を受けてください。
また、受講開始日の前月10日までに「対象講座指定申請」を行い、受講修了日1か月以内に「給付金支給申請」の提出が必要となります。",就業支援のこと（神戸市サイト）,http://www.city.kobe.lg.jp/child/family/family/shigoto01.html,,
service,15611,mijuku-iryohi-josei,未熟児の医療費助成,未熟児・障害・難病のお子さんへのお金などのサポート,未熟児の入院治療費を補助します。,概要,未熟児養育医療の給付とは身体の発育が未熟なままで生まれ、入院を必要とする赤ちゃんに対して、その治療に必要な医療費を助成するものです。入院して養育を受ける必要があると医師が認めた乳児（満1歳未満）が対象となります。,支給内容,指定養育医療機関での入院費のうち保険診療にかかる自己負担額および食事療養費について、出生から最長で生後１年まで、神戸市が負担します。,対象者,"神戸市内に住所を有する満１歳未満の乳児で、出生体重が2,000ｇ以下または、生活力が特に弱く、医師が未熟児として指定医療機関での入院養育が必要であると認めた方（※審査があります）",申請できる人,対象となるお子さんの保護者の方,申請期日,生後１か月以内に申請してください。,妊娠高血圧症候群（妊娠中毒症）・未熟児等の医療費助成（神戸市サイト）,http://www.city.kobe.lg.jp/child/maternity/support/h011.html,,
service,15631,boshi-kafu-shikin,母子父子寡婦福祉貸付金,ひとり親の方へのお金などのサポート,"ひとり親家庭に目的にあった資金をお貸しします",概要,"ひとり親家庭等のお子さんの修学や就職、知識技能の習得等に必要な資金や、ひとり親家庭の父や母等が経済的に自立して安定した生活を送るために必要な資金を貸し付けます。
貸付にあたっては、必要性や償還能力などについて審査があります。",支給内容,目的により、貸付限度額、据置期間、償還期間が異なります。,対象者,"神戸市内に居住し、次に該当する方
＜母子家庭・父子家庭の場合＞
20歳未満のお子さんを扶養していて、下記に該当する方
・配偶者が死亡または配偶者と離婚し、現に結婚していない
・長期にわたって、配偶者の生死が不明または配偶者から遺棄されている
・配偶者が外国にいるため、その扶養を受けられない
・配偶者が精神または身体の障害により長期にわたって働けない
・配偶者が法令により拘禁されているため、その扶養を受けられない
・婚姻によらないで母・父となり、現に結婚していない

＜寡婦の場合＞
・寡婦（配偶者のない女子であって、かつて配偶者のない女子として20歳未満のお子さんを扶養していたことのあるもの）またはかつて母子家庭の母であった方
・40歳以上で配偶者のない方（婚姻をしたことのない独身の方は含まれません）
※40歳以上で配偶者のない方に関しては、特別な事情がないときは、前年度の所得が203万6000円以下の場合に限り貸付の対象となります。

",申請できる人,母子家庭の母、父子家庭の父、または寡婦の方,申請期日,資金によって異なります,母子父子寡婦福祉貸付金（神戸市サイト）,http://www.city.kobe.lg.jp/child/family/family/kasituke02.html,,
service,15641,boshi-iryohi-josei,母子家庭等医療費助成,ひとり親の方へのお金などのサポート,"母子家庭等の、お母さんまたはお父さんと、そのお子さんの医療費の一部を助成します。",概要,"母子家庭等のお母さんまたはお父さんと、そのお子さんの医療費の一部を助成します。病院などで受診する際に、保険証と母子家庭等医療費受給者証を提示することで助成を受けることができます。（兵庫県内のみ有効ですので県外で受診された場合は、償還払いの手続きが必要です）
",支給内容,医療保険を利用して医療を受けた場合の自己負担分（医療費の3割など）から福祉医療一部負担金を控除した額,対象者,"下記の条件をすべて満たしている方
・神戸市内に住所を有すること
・母子家庭の母と児童、父子家庭の父と児童、または父母のいない児童であること
・所得制限の限度額未満であること
・何らかの医療保険制度に加入していること
・対象となる方が生活保護受給者、もしくは老人医療費助成、重度障害者医療費助成、または乳幼児等・こども医療費助成の受給者でないこと",申請できる人,対象となる方ご本人,申請期日,随時,母子家庭等医療費助成（神戸市サイト）,http://www.city.kobe.lg.jp/life/support/medical/11_1_3.html,,
service,15651,jido-fuyo-teate,児童扶養手当,ひとり親の方へのお金などのサポート,"ひとり親の方の子育てを支援します",概要,"児童扶養手当とは、ひとり親家庭などの生活の安定と自立を助け、お子さんが健やかに育つために役立てていただくよう支給される手当です。お子さんが18歳になるまで（法令で定める障害の状態にある場合は20歳になるまで）支給されます。
所得制限がありますので、基準額以上の所得がある場合、手当は支給されません。",支給内容,"所得や対象となるお子さんの人数によって支給額が異なります。
（4月、8月、12月に、前月までの4か月分をまとめて支給）

●お子さん1人のとき（月額）
　全部支給の場合：4万2000円
　一部支給の場合：4万1990円から9910円
●お子さん2人のとき（月額）
　全部支給の場合：4万7000円
　一部支給の場合：4万6990円から1万4910円
●以降は一人増えるごとに3000円が加算されます。
※上記は、2015年4月分（8月支給分）からの手当額です。",対象者,"次のいずれかの条件にあてはまる児童を監護している母､児童を監護し、かつ、生計を同じくする父または父もしくは母に代わってその児童を養育している方
※児童とは､18歳になって以降、最初の3月31日までの方です｡ただし､心身に一定の障害がある方は、20歳の誕生日の前日までの方が支給対象になります｡ 
・父母が婚姻（内縁関係を含む）を解消した児童
・父または母が死亡した児童
・父または母が一定の障害の状態にある児童
・父または母の生死が明らかでない児童
・父または母から1年以上遺棄されている児童
・父または母が裁判所からのDV（配偶者からの暴力）保護命令を受けた児童
・父または母が引き続き1年以上拘禁されている児童
・婚姻によらないで生まれた児童
・父母ともに不明である児童",申請できる人,対象となる方ご本人,申請期日,随時,児童扶養手当（神戸市サイト）,http://www.city.kobe.lg.jp/child/family/family/jihute.html,,
service,15661,jido-teate,児童手当,子育て中の方へのお金などのサポート,"お子さんの育成に必要な費用を補助します",概要,父母その他の保護者が子育ての第一義的責任を有するという基本的認識の下に、家庭における生活の安定と、次世代を担うお子さんの健やかな成長に資することを目的として、お子さんを養育している方に児童手当を支給します。,支給内容,"＜0歳から3歳未満＞
　月額1万5000円
＜3歳から小学生＞
　第1子、第2子：月額1万円
　第3子以降 ：月額1万5000円
＜中学生＞
　月額1万円

※所得制限限度額以上の方は年齢、出生順位にかかわらず一人あたり月額5000円（特例給付）",対象者,"対象となる年齢のお子さんを養育している方
※父母が共にお子さんを養育している場合は、お子さんの生計を維持する程度の高い方（原則、所得の高い方）になります。                                             
",申請できる人,対象となるお子さんを養育している方,申請期日,"随時
※手当の支給は、原則として請求をした日の属する月の翌月分からです。
※手続きが遅れると、受けられる月分の手当が受けられなくなりますので、ご注意ください。",児童手当（神戸市サイト）,http://www.city.kobe.lg.jp/child/grow/support/b016.html,,
service,15671,kodomo-iryohi-josei,乳幼児等医療費（こども医療費）の助成,子育て中の方へのお金などのサポート,"お子さんの医療費の一部を助成します",概要,"お子さんが保険証を使って病院などにかかったときの外来、入院の医療費の一部を助成します。0歳から15歳までのお子さんが助成の対象となります。
病院などで受診する際に、保険証と乳幼児等・こども医療費受給者証を提示することで助成を受けることができます。（兵庫県内のみ有効ですので県外で受診された場合は、償還払いの手続きが必要です）",支給内容,"医療保険を利用して医療を受けた場合の自己負担分（医療費の3割など）から福祉医療一部負担金を控除した額
",対象者,"0歳から15歳までのお子さんで下記の条件をすべて満たしている方

・神戸市内に住所を有すること
・何らかの医療保険制度に加入していること
・お子さんが生活保護受給者、もしくは重度障害者医療費助成、または母子家庭等医療費助成の受給者でないこと
・所得制限があります。",申請できる人,対象となるお子さんの保護者の方,申請期日,随時,乳幼児等・こども医療費助成（神戸市サイト）,http://www.city.kobe.lg.jp/life/support/medical/11_1_2.html,,
service,15681,shussan-ichiji,出産育児一時金,妊娠・出産したお母さんへのお金などのサポート,神戸市国民健康保険加入者が出産したとき、出産育児一時金が支給されます。,概要,神戸市国民健康保険に加入している方が出産したときは、その世帯主からの申請により、出産育児一時金を支給します。,支給内容,"出生児1人につき42万円
（産科医療補償制度対象外の場合は40万4000円）",対象者,"神戸市国民健康保険の加入者(被保険者)で出産した方
※妊娠85日以上での出産であれば、流産や死産も支給対象となります。
※他の健康保険から出産育児一時金を受けられる方は、神戸市国民健康保険からは支給しません。",申請できる人,世帯主の方,申請期日,"出産翌日から2年以内
※直接支払制度を利用される場合は、出産予定の医療機関等にご相談ください。",出産育児一時金について（神戸市サイト）,http://www.city.kobe.lg.jp/life/support/insurance/kyufu/04_6.html,,
service,15691,josan,助産施設,妊娠・出産したお母さんへのお金などのサポート,"経済的な理由等で入院助産を受けることができない方のための制度です",概要,必要があるにもかかわらず、経済的な理由で病院または助産所に入院できない妊産婦の方を対象に、助産施設（指定病院）で出産していただくための制度です。（事前に申請が必要です）,支給内容,"出産に要する費用の一部（または全部）
※収入に応じた負担金があります。",対象者,"入院助産が必要な妊産婦の方で、世帯の課税状況が次のいずれかに当たる方

＜階層区分/世帯区分＞
A. 生活保護受給世帯（単給を含む。）及び中国残留邦人等の円滑な帰国の促進及び永住帰国後の自立の支援に関する法律による支援給付受給世帯
B. 市民税非課税世帯
C1. 市民税額が均等割のみの世帯
C2. 市民税額に所得割の額がある世帯
D.  所得税の額が8,400円以下の世帯

※ただし、上記のC1、C2、Dの階層の世帯に属する妊産婦の方で、社会保険等から出産育児一時金等の出産に関する給付（「出産一時金」など）を受けることができる額が39万円以上の方は対象になりませんのでご注意ください。",申請できる人,対象となる方ご本人,申請期日,"なるべく早く区役所の窓口でご相談ください
※入所後の申請は認められません",助産施設の利用（神戸市サイト）,http://www.city.kobe.lg.jp/child/maternity/support/b061.html,,
service,15701,ninshin-koketsuatsu,妊娠高血圧症候群（妊娠中毒症）の医療費助成,お母さんの健康,"妊娠中毒症の入院費を補助します",概要,"妊娠高血圧症候群（妊娠中毒症）、糖尿病、貧血、産科出血、心疾患のために、7日以上入院が必要な妊産婦（妊娠中または出産後10日以内）の方を対象に入院医療費を助成します。対象となるのは医療保険の自己負担分となります。
対象となる妊産婦の方の入院による医療が終了した日以後、30日以内（ただし、入院期間が21日を超える場合は、入院した日から起算して22日以降30日以内）に申請を行ってください。
",支給内容,"医療保険の自己負担分の一部
",対象者,"市内にお住まいの方で、妊娠高血圧症候群（妊娠中毒症）等により入院が必要な妊産婦の方で、以下の条件を満たす方
・入院日数が7日以上であること
・前年所得税課税年額が15000円以下の世帯であること
・助産施設への入所をしていないこと
",申請できる人,原則として支給を受ける方ご本人,申請期日,"対象の方の入院による医療が終了した日以後30日以内
（ただし、入院期間が21日を超える場合は、入院した日から起算して22日以降30日以内）
",妊娠高血圧症候群（妊娠中毒症）・未熟児等の医療費助成（神戸市サイト）,http://www.city.kobe.lg.jp/child/maternity/support/h011.html,,
service,15711,satogaeri-ninpu-kenshin,兵庫県外における妊婦健康診査の費用助成,お母さんの健康,"県外へ里帰りして妊婦健診を受診される方へ健診費用の一部を償還払いします",概要,"神戸市にお住まいの妊婦の方が、県外の病院や助産所などで健診を受診した場合、その健診にかかった費用の一部を償還払いします。妊婦健康診査の受診日当日かつ申請日時点で神戸市内に住民登録のある方が対象です。
申請期限は出産または妊娠の終了から1年以内です。ただし、転出予定の方は、必ず転出前に申請を行ってください。",支給内容,"県外医療機関で受診された妊婦健康診査について、いったん立て替え払いしていただいたのち、事後に公費助成の範囲内でお支払いします。
※対象とならないもの
1. 日本国外での健診費用
2. 保険適用診療分の費用
3. テキスト代や物品代など、定期の健診費用以外にかかる費用
4. 県内の医療機関で受診した健診費用
5. 妊娠しているかどうか調べるための検査費用",対象者,"妊婦健康診査の受診日当日かつ申請時点で神戸市内に住民登録のある方
（転出予定の方は転出前に申請してください） 
　",申請できる人,対象となる方ご本人,申請期日,"分娩または妊娠の終了から1年以内
 （ただし、神戸市外へ転出される予定の方は転出前に必ず手続きしてください）
※1回の妊娠において申請できるのは1回のみです。まとめて申請してください。",兵庫県外で妊婦健診を受けられる神戸市民の妊婦の皆様へ（神戸市サイト）,http://www.city.kobe.lg.jp/life/health/checkup/conception/kengaininpu.html,,
service,15721,ninpu-kenshin,妊婦健康診査,お母さんの健康,"妊娠中の健康を見守ります",概要,妊婦さんやお腹の赤ちゃんの健康状態を定期的に確認するのが妊婦健康診査です。妊婦さんの健康診査は、一般的に出産までに14回程度受診するのが望ましいとされています。しかし、妊娠は病気ではないため健康保険は適用されません。出産までの健診を受ける際の経済的な負担を軽くするため、妊婦健康診査費用の助成を行っています。,支給内容,"・基本的な検査の補助券（5000円）14枚
（各回の健診につき1枚、使用してください）
・その他の検査の補助券（2000円）5枚
・その他の検査の補助券（1000円）18枚
（2000円券及び1000円券は、1回の健診で複数枚の使用が可能です）
※ただし健診費用が補助券の助成額を上回ったときは、超過分は自己負担（有料）となります。
※多胎の妊婦の方には1000円券18枚を追加でお渡ししています。
",対象者,"神戸市内にお住まいの妊婦の方
市外から転入された方は、区役所・支所・北神こども保健係の窓口まで、母子健康手帳と前住所地で受け取った受診券をご持参ください。",申請できる人,"申請は必要ありません
（母子健康手帳と一緒にお渡しします）",申請期日,"申請は必要ありません
（母子健康手帳と一緒にお渡しします）",神戸市では妊婦健康診査の公費助成を14回実施しています（神戸市サイト）,http://www.city.kobe.lg.jp/life/health/checkup/conception/index.html,,
service,15731,kokuho-kanyu,国民健康保険の加入,妊娠・出産に関する届出,,概要,"国民健康保険の被保険者の方にお子さんが生まれた場合、お子さんの国民健康保険の加入について届出が必要になります。
また、神戸市国民健康保険に加入している方が出産した場合は、出産育児一時金が支給されます。",対象者,"神戸市の国民健康保険の被保険者で、出産された方
※勤務先の健康保険や国民健康保険組合等、神戸市の国民健康保険以外の公的医療保険に加入されている方は、ご加入の保険者にお問い合わせください。",届出できる人,世帯主の方,届出期日,出産日から14日以内,手数料,-,こんなときは必ず14日以内に届出を（神戸市サイト）,http://www.city.kobe.lg.jp/life/support/insurance/shikumi/02.html,,
service,15741,shussho-todoke,出生届,妊娠・出産に関する届出,"出産したら14日以内に届け出を",概要,出生届を出されると、生まれてきたお子さんの氏名等が戸籍（日本国籍のお子さん）や住民票に記載されます。戸籍に記載されることで、生まれてきたお子さんの親族関係が公的に証明されます。出生地、本籍地または届出人の所在地の市区町村窓口で受け付けています。出生の日から数えて14日以内に届出をしてください。,対象者,お子さんが生まれた方,届出できる人,"お子さんが生まれた方
（父または母。来庁できない場合も届書の届出人の署名・押印は、父または母となります。届書を持参される方はどなたでも結構です。）",届出期日,"出生の日から数えて14日以内
（14日目が休日の場合は、翌開庁日）
国外で生まれた場合は、生まれた日から3か月以内",手数料,無料,出生届（神戸市サイト）,http://www.city.kobe.lg.jp/life/registration/koseki/04_shussei.html,,
service,15751,ninshintodoke-boshitecho,妊娠の届出・母子健康手帳の交付,妊娠・出産に関する届出,妊娠が分かったら早めに届出を,概要,妊娠おめでとうございます！妊娠が分かったら妊娠の届出をしてください。妊娠の届出をした妊婦さんに母子健康手帳をお渡ししています。母子健康手帳は、これから予防接種や健康診査などを受ける際に必要となります。お母さんの妊娠からお子さんが小学校に入学するまでの、お母さんとお子さん両方の大切な健康の記録となります。,対象者,妊娠がわかった妊婦の方,届出できる人,"対象となる方ご本人
（体調などの理由で来所できない場合は、区役所のこども保健係でご相談ください）",届出期日,"妊娠が分かり次第早めに
（届け出る時期については特に決まりはありませんが、厚生労働省が推進している国民運動「健やか親子21」においては「妊娠11週以内」の届出が推奨されています。）",手数料,無料,母子健康手帳の交付（神戸市サイト）,http://www.city.kobe.lg.jp/child/maternity/notebook/index.html,,
service,18151,shiritsu-genmen,市立幼稚園保育料減免,定期的に利用する教育・保育サービス,,概要,"神戸市では、幼稚園教育の一層の普及、充実を図るための一つとして、経済的な理由により保育料の納入が困難な保護者に対して、保育料の全部または一部を免除しています。
希望される方は、幼稚園からのご案内によりお申し込みください。",支給内容,減免の内容は、市民税の課税状況や、その他考慮すべき事情をふまえて決定されます。,対象者,経済的な理由により保育料の納入が困難な保護者の方,申請できる人,対象となる方ご本人,申請期日,"在籍されている幼稚園を通じてお知らせと申請書の配布、申請の受付を行います。
受付時期は、第1回6月頃、第2回11月頃、第3回2月頃の予定です。
※どの時期に申し込んでいただいても4月（途中入園の場合入園月）から減免を開始します。
ただし、世帯状況の変更により減免となった場合、変更が生じた月から減免を開始します。",神戸市：市立幼稚園保育料減免のご案内（神戸市サイト）,http://www.city.kobe.lg.jp/child/grow/support/gakuzi002.html,,
service,18671,kinkyo-doukyo-sumikae-jyosei,親・子世帯の近居・同居住み替え助成,子育て中の方へのお金などのサポート,子育て世帯とその親世帯が近くに住み替える際に引越し代等の費用を助成します,概要,"小学校入学前のお子さんがいる子世帯とその親世帯が近くに住むことになった場合に、移転した世帯に引越し代等の費用を助成します。
（27年度の助成予定件数は約55件です。申請件数が本市の予算額に達した時点で受付を終了します。）",支給内容,引越し代等の費用の半額を助成します。（上限あり）,対象者,"次の(1)から(5)の要件すべてを満たす場合
(1)子世帯は小学校入学前のお子さんがいる世帯。
(2)親世帯は神戸市に1年以上住んでいる世帯。
(3)子世帯と親世帯が同居もしくは近居する。
　近居は、同一小学校区内もしくは直線距離で概ね1.2km以内（ただし、近居の範囲で移転する場合は対象にはなりません。）
(4)移転世帯の年収が700万円未満である。
(5)移転先の住宅が、新耐震基準に適合している、広さが最低居住面積水準以上である。",申請できる人,"28年3月31日までに移転することが決まっている世帯の世帯主の方
（引越し前に手続きが必要です。）",申請期日,先着順のため、申請件数が本市の予算額に達した時点で受付を終了します。この場合、受付の終了は下記神戸市サイトにてお知らせします。,神戸市　親・子世帯の近居・同居住み替え助成事業（神戸市サイト）,http://www.city.kobe.lg.jp/life/town/house/information/oyako.html,,
service,21911,piyopiyo-tai,出張託児サービス（ぴよぴよ隊）,一時的に利用できる保育サービス,お母さんたちの活動場所でお子さんをお預かりします,概要,"シルバー人材センターでは、子育て中のお母さんたちの活動を応援するため、出前託児サービス「ぴよぴよ隊」を実施しています。
保育士資格を持つ隊員、または子育て経験のある隊員がお母さんたちの活動場所に出向いて、お子さんをお預かりします。お母さん方が、スポーツや料理、リフレッシュなどグループで活動する時などに利用できます。",対象者,概ね1歳から就学前のお子さんをお持ちのお母さんのグループ,申請できる人,対象となる方ご本人,利用料（費用）,"１グループ（5人以内）の場合：2時間3200円（託児者2名）
※子どもの人数などにより料金が異なります。",申請期日,随時（ご利用の2週間前までにお申し込みください。期日を過ぎた場合は別途ご相談ください。）,神戸市出前託児サービス“ぴよぴよ隊”（外部サイト）,http://www.kobe-sjc.or.jp/piyopiyo/,,
service,23216,jr-teikijyousyaken-waribikiseido,ＪＲ定期乗車券の割引制度,ひとり親の方へのお金などのサポート,,概要,児童扶養手当の支給を受けている方、およびその家族の方が、JR 西日本の通勤用定期乗車券を購入するときに、その料金が3割引きになります。,支給内容,"証明書を添えて申し込むと、JR通勤定期乗車券を3割引で購入することができます。
（学割など他の割引制度との併用はできません。）",対象者,児童扶養手当の支給を受けている方、およびその家族の方,申請できる人,対象となる方ご本人,申請期日,随時,JR西日本通勤定期の割引（神戸市サイト）,http://www.city.kobe.lg.jp/child/family/family/kasituke04.html,,
service,23255,houkago-jido-club,放課後児童クラブ（学童保育）,定期的に利用する教育・保育サービス,,概要,"子育てと仕事の両立支援や、放課後における児童の健全育成を目的として、保護者が仕事等により昼間家庭にいない、小学生のお子さんを対象に、放課後の遊びや生活の場を提供しています。
神戸市には現在、市立の施設と市の助成を受けて地域で自主的に運営している民間の施設がありますが、ここでは公設の施設についてご案内します。

※民間の学童保育所について詳しくは、各施設に直接お問い合わせください。
「放課後児童クラブ（学童保育）一覧（神戸市サイト）（http://www.city.kobe.lg.jp/child/grow/children/b038.html）」",対象者,"神戸市内に在住するお子さんで、次の（1）から（4）の要件を満たしていることが必要です。

（1）小学校1年生から3年生までのお子さん
※受入体制（活動場所など）の整ったクラブから4年生以上の受入を進めています。
対象クラブは、下記の「放課後児童クラブ（学童保育）一覧」よりご確認ください
（2）保護者が働いている家庭、またはこれに準ずる家庭のお子さん
（3）昼間、保護者または祖父母など、保護者に準ずる方がいない家庭のお子さん
（4）学校や家から児童館に一人で来て一人で帰ることができるお子さん、および排泄や食事が一人でできるお子さん",申し込みできる人,対象となるお子さんの保護者の方,利用料（費用）,"・保育料：月額4500円（延長利用料：月額1500円）
・おやつ代：月額1500円

※保護者の所得状況などにより、減免があります（延長利用料及びおやつ代は除きます）。",申し込み期限,"ご利用を希望されるクラブへお問い合わせください。

※翌年度4月からの入所の方は、例年2月頃に受け付けを行います（年度ごとに申請が必要です）。",平成27年度　神戸市立放課後児童クラブ（学童保育）の入会について（神戸市サイト）,http://www.city.kobe.lg.jp/child/grow/children/gakudou-annai.html,放課後児童クラブ（学童保育）一覧（神戸市サイト）,http://www.city.kobe.lg.jp/child/grow/children/b038.html
service,23265,youji-shika-kenkou-shinsa,幼児歯科健康診査,お子さんの健康,,概要,神戸市では、1歳6か月児健診と3歳児健診において、「歯科健康診査」と「むし歯予測テスト」（1歳6か月児のみ）を行っています。「むし歯予測テスト」の検査結果は、後日ハガキでお知らせいたします。希望者にはむし歯予防のフッ化物塗布（有料）も行っています。,対象者,"神戸市にお住まいの1歳6か月のお子さん、3歳のお子さん

※対象月齢の時期に受診できない場合はお住まいの区こども保健係へご連絡ください。",申し込みできる人,"申し込みは必要ありません。
（対象者に個別に通知しています。）",利用料（費用）,"無料
（フッ化物塗布（歯科医師の可否判定有り）は有料）",申し込み期限,個別に郵送でお知らせしますので、健診日に健診場所に直接お出でください。,幼児歯科健康診査（神戸市サイト）,http://www.city.kobe.lg.jp/life/health/promotion/mouth/b_shikakensin.html,,
service,23267,jiritsu-shien-iryouhi-ikusei,自立支援医療費の給付（育成医療）,未熟児・障害・難病のお子さんへのお金などのサポート,,概要,身体に障害がある、または放置すれば将来障害を残すと認められる疾患があるお子さんで、確実な治療効果が期待できる方が、指定医療機関で治療等を受ける場合の保険医療費の自己負担分の一部を助成します。,支給内容,"育成医療に該当する医療費の1割分が自己負担となります（保険適用分のみ）。
ただし、所得に応じて上限が決められています。",対象者,"神戸市内にお住まいの18歳未満の方で、現在身体に障害があるか、またはそのまま放置すると将来一定の障害を残すと認められる方で手術やリハビリなどの治療によって確実な治療効果が期待できる方。
※審査があります。",申請できる人,対象となるお子さんの保護者の方,申請期日,"随時
事前申請が原則です。",医療の給付とリハビリテーション「医療」（神戸市サイト）,http://www.city.kobe.lg.jp/life/community/handicap/iryoutokyufu/iryou/s002.html,,
service,23320,sango-homehelper-service,産後ホームヘルプサービス,産前・産後の訪問指導,,概要,"お母さんの体調不良などで家事や育児が困難なご家庭に、神戸市と契約した事業者からヘルパーを派遣し、産後間もない時期の子育てを支援する制度です。
サービスの利用期間は、出産後1年以内でサービスの開始から3か月以内（多胎児の場合は出産後1年以内）です。
",対象者,"次のすべての要件を満たす方
・神戸市内にお住まいの方
・出産後１年以内
・体調不良などのため、家事や育児が困難で、昼間手伝いをしてくれる人がいないお母さん

※ご家庭内にインフルエンザや感染性胃腸炎などの感染症にかかっている方（疑いを含む）がいる時は、ヘルパーは派遣できません。
",申請できる人,対象となる方ご本人,利用料(費用）,"1回あたり(連続2時間以内)1600円
※市県民税が非課税の世帯や、生活保護を受給中の世帯の方は、自己負担はありません。
",申請期日,随時,神戸市産後ホームヘルプサービスのご案内（神戸市サイト）,http://www.city.kobe.lg.jp/child/maternity/consult/sango.html,,
service,23323,tosyokan,図書館,親子で使える施設・スペース,,概要,"神戸市内の図書館では、小さいお子さん向けの絵本を置いています。また、絵本リストも配布しています。
0歳でも図書館カードを作ることができます。
小さいお子さん向けの「おはなし会」を開催している館もあります。（中央、東灘、兵庫、北、北神、新長田、須磨、垂水）
",,,,,,,,,行事案内（神戸市サイト）,http://www.city.kobe.lg.jp/information/institution/institution/library/event/index.html,施設案内（神戸市サイト）,http://www.city.kobe.lg.jp/information/institution/institution/library/facilities/index.html
service,23363,hoiku-riyounintei,教育・保育施設、地域型保育の支給認定（1号・2号・3号認定）,新制度による教育・保育サービスの利用について,,概要,"子ども・子育て支援新制度では、幼稚園や保育所(園)、認定こども園、地域型保育を利用する際に、市町村から支給認定を受ける必要があります。支給認定には、子どもの年齢や保育の必要性に応じて、1号認定から3号認定まで3つの区分があります。
認定区分によって利用できる施設や時間が変わります。
※なお、新制度に移行しない幼稚園については、支給認定は不要です。これまでと利用手続き等は変わりません。

●1号認定（教育標準時間認定）
・対象者：満3歳以上の小学校就学前子どもであって、学校教育のみを受ける子ども
・利用できる施設：幼稚園、認定こども園（利用時間が朝から昼すぎ）

●2号認定（保育認定）
・対象者：満3歳以上の小学校就学前子どもであって、保育を必要とする子ども
・利用できる施設：保育所(園)、認定こども園（利用時間が朝から夕）

●3号認定（保育認定）
・対象者：満3歳未満の保育を必要とする子ども
・利用できる施設：保育所(園)、認定こども園（利用時間が朝から夕）、地域型保育

「2号・3号認定」を受けるには？
・保育を必要とする事由がいずれかに該当することが必要です。
就労（月64 時間以上）、妊娠、出産、保護者の疾病、障がい、災害復旧、求職活動、就学　など

※上記の保育を必要とする事由と保護者の状況により保育必要量が認定されます。例えば、月120時間以上の就労では「保育標準時間」、月64時間以上、月120時間未満の就労では「保育短時間」になります。

〈利用可能時間〉
・保育標準時間：保育が必要な範囲内で最長11時間まで
・保育短時間：保育が必要な範囲内で最長8時間まで
※開所時間及び延長保育の時間は各施設によって異なります。",,,,,,,,,支給認定とは？（神戸市サイト）,http://www.city.kobe.lg.jp/child/grow/shinseido/index03_01.html,,
service,23365,hoiku-hoikuryo,教育・保育施設、地域型保育の利用者負担額（保育料）,新制度による教育・保育サービスの利用について,,概要,"新制度の利用者負担額（保育料）は、保護者等（子どもと同一世帯に属して生計を一にしている父母及び扶養義務者）の所得に応じて神戸市が決定します。

※ただし、新制度に移行しない幼稚園の保育料は、園ごとに定める額となります。（市民税所得割額に応じて就園奨励助成金が支給されます。）

「就園奨励助成金についてはこちら（http://kobe-city.mamafre.jp/archives/service/shiritsu-yochien-shuen-shorei/）」",,,,,,,,,利用者負担額　保育料（神戸市サイト）,http://www.city.kobe.lg.jp/child/grow/shinseido/index03_03.html,,
service,23367,hoiku-genmen,教育・保育施設、地域型保育の利用者負担額(保育料)の減免,新制度による教育・保育サービスの利用について,,概要,"神戸市では、同一世帯から複数のお子さんが同時期に、保育所(園)、幼稚園、認定こども園、地域型保育など、対象となる施設を利用する場合に、年齢が下のお子さんの保育料を減免しています。
このほか、本年度中に保育料の支払いが著しく困難になった場合は、保育料が減額または免除されることがあります。（詳しくは、1号認定についてはこども家庭局事業課、2号・3号認定につきましては各施設がある区の区役所までお問い合わせください。）",支給内容,"対象施設を利用するお子さんの人数により、利用者負担額(保育料)を軽減します。
・1号認定…小学校3年生までの範囲において、最年長のお子さんから順に、2人目のお子さんは半額程度、3人目以降のお子さんは無料となります。

・2号・3号認定…小学校就学前において、最年長のお子さんから順に、2人目のお子さんは半額程度、3人目以降のお子さんは無料となります。",対象者,"就学前のお子さんが保育所(園)、幼稚園、認定こども園、地域型保育を利用しており、かつ、年齢が下のお子さん
※1号認定については、小学校3年生までの範囲を含みます。",申請できる人,対象となるお子さんの保護者の方,申請期日,随時,利用者負担額　保育料（神戸市サイト）,http://www.city.kobe.lg.jp/child/grow/shinseido/index03_03.html,,
service,23373,chiikigata-hoiku,地域型保育への入所,定期的に利用する教育・保育サービス,,概要,"0歳から満3歳未満のお子さんを、基本的に少人数で保育する事業です。利用時間帯は「朝から夕」です。（基本的に、利用時間の前後に延長保育を行っています。）
神戸市には以下の3類型があります。

＜小規模保育＞
少人数（ 6から19人まで）を対象に、家庭的保育に近い雰囲気のもと、保育を行います。

＜家庭的保育＞
家庭的な雰囲気のもと、少人数（〜5人）を対象に保育を行います。

＜事業所内保育＞
事業所の保育施設などで従業員の子どもと地域の子どもを一緒に保育します。",対象者,"0歳から満3歳未満のお子さん【3号認定が必要】

「支給認定についてはこちら（http://kobe-city.mamafre.jp/archives/service/hoiku-riyounintei/）」",申し込みできる人,"対象となるお子さんの保護者の方

保護者のいずれもが「保育を必要とする事由」により、家庭においてお子さまの保育が困難な場合に、3号認定を受けて、利用を申込できます。
※「保育を必要とする事由」については下記ページ内の「2・３号認定のご案内（PDF）」にて詳細をご確認ください。

「2・3号認定のご案内／申請・利用申込み方法（神戸市サイト）（http://www.city.kobe.lg.jp/child/grow/shinseido/index03_02.html）」",利用料（費用）,"新制度では、所得に応じてお住いの市町村が定める「利用料負担額（保育料）」を毎月納入することになります。
利用者負担額の階層は、子どもと同一世帯に属して生計を一にしている父母及び父母以外の扶養義務者（家計の主宰者）のすべての方の市町村民税額の合算等で決まります。
・平成27年4月から8月の利用者負担額
平成26年度市町村民税額（平成25年分の所得が反映）等に基づき算定
・平成27年9月から平成28年3月の利用者負担額
平成27年度市町村民税額（平成26年分の所得が反映）等に基づき算定",申し込み期限,"・4月入所については、例年11月頃受付けを行います。
・年度途中の入所については、入所希望月の前々月末日までにお申し込みください。
・申込は各区役所・支所で受付けています。",地域型保育（神戸市サイト）,http://www.city.kobe.lg.jp/child/grow/shinseido/index02_07.html,,
service,23375,shougaiji-hoiku,すこやか保育（障がい児保育）,定期的に利用する教育・保育サービス,,概要,"神戸市では、保育所（園）や認定こども園等において「すこやか保育(障がい児保育)」を実施しています。心身に障がいがあるお子さんに、状況に応じて必要なサポートを行いながら集団による教育・保育を提供し、お子さんの成長・発達を細やかに援助します。

実施施設：保育所（園）、認定こども園、小規模保育",対象者,"心身に障がいがあるお子さんで、サポートを行うことにより、集団による教育・保育が可能なお子さん
（子どものための教育・保育給付に係る支給認定を受けたお子さんに限ります。ただし、学校法人立の認定こども園に通園（予定を含む）する1号認定のお子さんは除きます。）",申し込みできる人,対象となるお子さんの保護者の方,利用料（費用）,子育て支援部事業課までお問い合わせください,申し込み期限,"子育て支援部事業課までお問い合わせください

「こども家庭局　子育て支援部　事業課（神戸市サイト）（http://www.city.kobe.lg.jp/information/about/construction/1500/1523/index.html）」",,,,
service,23377,ninkagai-hoikushisetsu,認可外保育施設,定期的に利用する教育・保育サービス,,概要,"乳幼児の保育業務を目的とする施設で、施設の構造、保育士の数など厚生労働省が定める基準を満たし、児童福祉法に基づく施設もしくは事業の認可または認定こども園法に基づく施設の認可を受けていないものを認可外保育施設といいます。
認可外保育施設については、5人以下の乳幼児を預かる小規模施設等一部の施設を除き、設置開設した際に必要事項を市に届け出ることが法律で義務づけられています。
神戸市では、法律に基づいて保護者ご自身で認可外保育施設の保育サービスの適切な選択をしていただくために、届け出された事項をもとに届け出のあった認可外保育施設の情報を掲載しています。

大切なお子さんを預ける保育施設を決める際には、掲載されている情報だけで判断せず、実際に施設の見学をしたり、保育施設に問い合わせるなど、ご自身で保育内容等を確かめてください。

「最適な保育施設を選ぶためのポイントについてはこちら（全国版子育てタウンサイト）（http://kosodatetown.mamafre.jp/useful/hoiku-service-navi/#section03）」
「ベビーシッターを利用するときのポイントについてはこちら（全国版子育てタウンサイト）（http://kosodatetown.mamafre.jp/babysitter-riyou-point/）」",,,,,,,,,認可外保育施設情報（神戸市サイト）,http://www.city.kobe.lg.jp/child/grow/nursery/ninkagai/,,
