post_name,post_title,tax_serviceCategory,post_content,項目1,内容1,項目2,内容2,項目3,内容3,項目4,内容4,項目5,内容5,詳細リンク,詳細リンクURL,詳細リンク2,詳細リンク2URL
kodomo-kyubyo-denwa-sodan,こども急病電話相談,病院・救急/妊娠出産・子育てに関する病院と救急連絡先,お子さんの急病についての電話相談ができます,概要,夜間・休日のお子さんの急な発熱や腹痛などで困ったときに、神戸こども初期急病センターの看護師がアドバイスします。<br>すぐに医療機関を受診した方がよいのか、様子を見ても大丈夫なのか迷うときや、症状に対する対処方法が分からないときなどにご利用ください<br>月曜日から金曜日：20：00から翌朝7：00<br>土曜日：15：00から翌朝7：00<br>休日：9：00から翌朝7：00,,,,,,,,,こども初期急病センター電話相談窓口（外部サイト）,http://www.kobe-kodomoqq.jp/tel_counseling/index.html,神戸市の救急医療体制（神戸市サイト）,http://www.city.kobe.lg.jp/safety/medical/taisei/99TAISEI.html
hoikusho-hoikuryo,保育料徴収金基準額について,あずける/日常的な保育サービス,"<p>保育所保育料は前年の収入によって決定しています</p>
",概要,保育所保育料は、入所するお子さんの世帯の前年分所得税額（年少扶養控除及び特定扶養控除の上乗せ部分があるものとして算定した額（所得税が課税されていない場合は、前年度の市民税の課税状況））により決定します。,,,,,,,,,保育所入所のご案内（神戸市サイト）,http://www.city.kobe.lg.jp/child/grow/nursery/index_03.html,,
hoikusho-entei-kaiho,保育所・幼稚園の園庭開放,あずける/学ぶ・出かける/一時的な保育関連サービス/行って遊ぼう,保育所・幼稚園で園庭開放を行っています。,概要,"市内の保育所・幼稚園では園庭開放を行っています。<br>保育所・幼稚園に関心がある方や、広い園庭でお子さんを思いっきり遊ばせたい方など、お気軽にお越しください。<br>
市立幼稚園では「幼児のひろば」、私立幼稚園では「みんなの幼稚園」として実施しています。",,,,,,,,,保育所園庭開放（神戸市サイト）,http://www.city.kobe.lg.jp/child/grow/box/Asobiba/hoikusho/index.html,みんなの幼稚園事業（神戸市サイト）,http://www.city.kobe.lg.jp/child/grow/box/Asobiba/youchien/index.html
matternity-mark,マタニティマーク,届出/妊娠・出産に関する届出,"<p>妊娠中であることを周囲にお知らせするマークです</p>
",概要,神戸市では、母子健康手帳とともにマタニティマーク入りストラップをお渡ししています。<br>妊娠中、特に初期は、赤ちゃんの成長はもちろん、お母さんにとっても大切な時期ですが、おなかが目立たないことから周囲の理解が得られにくい場合があります。<br>赤ちゃんとお母さんの健康を守るために、ぜひマタニティマークをご利用ください。,,,,,,,,,マタニティマークにご理解とご協力を（神戸市サイト）,http://www.city.kobe.lg.jp/life/access/transport/maternitymark.html,,
syoki-kyubyo-center,神戸こども初期急病センター,病院・救急/妊娠出産・子育てに関する病院と救急連絡先,小児内科の休日・夜間の初期救急医療機関です,概要,15歳未満のお子さんの急な内科系疾患について、休日・夜間365日診察を行います。<br>月曜日から金曜日　19：30から翌朝6：30（診療開始は20：00から）<br>土曜日　14：30から翌朝6：30（診療開始は15：00から）<br>休日　8：30から翌朝6：30（診療開始は9：00から）,対象者,15歳未満の急な内科系疾患のお子さん,利用できる人,15歳未満の急な内科系疾患のお子さん,利用料（費用）,診療報酬制度による,申請期日,－,神戸こども初期急病センター（外部サイト）,http://www.kobe-kodomoqq.jp/,神戸こども初期急病センター（神戸市サイト）,http://www.city.kobe.lg.jp/safety/medical/kodomoqq/index.html
kosodate-shien-hiroba,大学と連携した地域の子育て支援ひろば,学ぶ・出かける/行って遊ぼう,"<p>大学と連携した、子育て中の親子が集える場です</p>
",概要,神戸市では、大学と連携して子育て中の親子が集える場をつくっています。子育て中の親子の交流の場や、子育て等に関する相談、地域の子育て情報の提供などを行っています。<br>現在実施している大学は、甲南女子大学、神戸大学、神戸松蔭女子学院大学、神戸親和女子大学、神戸常盤大学、神戸市看護大学です。,対象者,乳幼児とその保護者,利用できる人,乳幼児とその保護者,利用料（費用）,無料,申請期日,－,大学と連携した地域子育て支援拠点づくり（神戸市サイト）,http://www.city.kobe.lg.jp/child/grow/support/daigaku.html,,
kobekko-land,こべっこランド,学ぶ・出かける/妊娠出産・育児に関する施設,"<p>遊べる!!学べる!!みんなの広場!!こべっこランド</p>
",概要,こべっこランドは、さまざまな体験型の講座・イベントの実施や、発達がゆっくりな子どもたちへの療育支援を通して、子どもたちが遊び・学び、心身ともに健やかに育つためのサポートを行う大型児童センターです。,対象者,18歳未満の児童<br>（就学前の児童は保護者の同伴が必要）,利用できる人,対象者と同じ,利用料（費用）,無料,申請期日,-,遊べる!! 学べる!! みんなの広場!! こべっこランド（外部サイト）,http://www.kobekko.or.jp/,,
jido-hattatu-shien-center,児童発達支援センター,学ぶ・出かける/妊娠出産・育児に関する施設,障害のあるお子さんのための施設です,概要,障害を持つ児童に対し、社会適応に必要な知識・技能を取得するための訓練や、療育を行っています。,対象者,市内に住む知的障害児（発達障害含む）、肢体不自由児、難聴児等障害のある18歳未満の児童,利用できる人,市内に住む障害児通所支援給付決定を受けた児童,利用料（費用）,保護者の方の前年分の所得税額等に応じて決定されます。,申請期日,随時,障害児に関わる施設（神戸市サイト）,http://www.city.kobe.lg.jp/information/institution/welfare/index_01.html,,
kobeshi-chiiki-kosodate-shien-center,神戸市地域子育て支援センター・応援プラザ(地域子育て支援拠点),学ぶ・出かける/妊娠出産・育児に関する施設,"<p>お子さんの遊びはもちろん、お母さんの交流・相談の場です</p>
",概要,神戸市地域子育て支援センター・応援プラザは、神戸市内の各区で、保育の専門家の保育士が、区役所、保育所、子育て支援施設などと連携し、さまざまな子育ての支援をしています。<br>出会いを広げ、子育ての輪を広げていきます。お気軽にお越しください。,対象者,神戸市にお住まいの乳幼児とその保護者,利用できる人,神戸市にお住まいの、子育て中の親子,利用料（費用）,無料,申請期日,-,"神戸市地域子育て支援センター・応援プラザ
(地域子育て支援拠点)（神戸市サイト）",http://www.city.kobe.lg.jp/child/grow/chiiki/index.html,,
kominkan,公民館,学ぶ・出かける/妊娠出産・育児に関する施設,,概要,神戸市内には公民館が7か所あります。<br>公民館は、市民の皆さんが教養を高め、健康を増進し、情操豊かな人間に育っていくための生涯学習の場です。,対象者,どなたでもご利用いただけます。,利用できる人,どなたでもご利用いただけます。,利用料（費用）,施設により異なります。<br>詳細は必ず公民館にお問い合わせください。,申請期日,-,公民館（神戸市サイト）,http://www.city.kobe.lg.jp/information/institution/institution/koumin/index.html,,
jidokan,児童館,学ぶ・出かける/妊娠出産・育児に関する施設,"<p>お子さんの遊び場も情報提供も兼ねそなえています</p>
",概要,神戸市内には児童館が122か所あります。市内に住む18歳未満の児童に健全な遊びを与えその健康を増進するとともに、豊かな情操を育むことを目的としています。,対象者,18歳未満の児童<br>（就学前の児童は保護者の同伴が必要）,利用できる人,対象者と同じ,利用料（費用）,無料,申請期日,-,児童館（神戸市サイト）,http://www.city.kobe.lg.jp/child/grow/box/Asobiba/jidokan/index.html,,
minnano-yochien,みんなの幼稚園,あずける/幼稚園での保育関連サービス,幼稚園に入る前に体験できます,概要,"幼稚園では、就園前の地域の幼児とその保護者の方を対象に、親子で登園して遊ぶ機会を提供しています。同年齢のお子さんが集い、先生の話を聞いたり砂場で遊んだりして、在園児と一緒に遊ぶ機会をもっています。また、子育てについての相談も行っています。<br>私立幼稚園では、園庭開放も行なっています。
<br>実施内容、実施日、実施時間については、各園にお問い合わせください。",,,,,,,,,みんなの幼稚園事業（神戸市サイト）,http://www.city.kobe.lg.jp/child/grow/box/Asobiba/youchien/index.html,,
toshokan-jido-service,図書館での乳幼児・保護者向けサービス,学ぶ・出かける/行って遊ぼう,"<p>赤ちゃんと一緒に図書館におこしください</p>
",概要,神戸市の各図書館には赤ちゃん向けの絵本が置いてあります。絵本リストも配布しています。<br>また、赤ちゃん向けおはなし会を開いている図書館もあります（中央、兵庫、新長田、北神）,対象者,どなたでもご参加いただけます,申請できる人,-,利用料（費用）,無料,申請期日,-,ぎょうじのあんない（神戸市サイト）,http://www.city.kobe.lg.jp/information/institution/institution/library/kodomo/gyoji/index.html,施設案内（神戸市サイト）,http://www.city.kobe.lg.jp/information/institution/institution/library/facilities/index.html
rinyu-syoku,離乳食の作り方講座,学ぶ・出かける/妊娠出産・育児に関する教室・講座,離乳食についての悩みや不安を解消する講座です,概要,初めて離乳食づくりを経験する保護者を対象に、離乳食の作り方・進め方を実際に見て体験することができる講座を開催しています。,対象者,5か月から6か月児（第1子）の保護者の方,申請できる人,対象となるお子さんの保護者の方,利用料（費用）,無料,申請期日,教室への参加は、予約制です。<br>神戸市総合コールセンターへお申し込みください。,離乳食の作り方講座（神戸市サイト）,http://www.city.kobe.lg.jp/life/health/promotion/eating/rinyuushokukouza.html,,
sukusuku-akachan-seminer,すくすく赤ちゃんセミナー,学ぶ・出かける/妊娠出産・育児に関する教室・講座,"<p>お子さんの健康について学びましょう</p>
",概要,5か月から6か月児をもつ保護者を対象に離乳食や育児・歯科に関する講習会を行っています。,対象者,5か月から6か月のお子さんを持つ保護者の方,申請できる人,対象となるお子さんの保護者の方,利用料（費用）,無料,申請期日,-,すくすく赤ちゃんセミナー（神戸市サイト）,http://www.city.kobe.lg.jp/child/maternity/seminar/h058.html,,
pre-papa-mama-syokuiku-koza,プレパパママ食育講座,学ぶ・出かける/妊娠出産・育児に関する教室・講座,"<p>初めて赤ちゃんを迎えるパパ・ママに「食育」について考えていただく講座です</p>
",概要,パパ・ママの日頃の食生活や栄養のバランスのとれた食事づくりの話とバランス食の調理実習（昼食）のほか、妊娠中の薬や、赤ちゃんへの薬の飲ませ方などのお話があります。<br>大人の食事から応用して作る離乳食体験もあります。,対象者,初産の妊婦及びその夫,申請できる人,対象となる方ご本人,利用料（費用）,"2人で1,000円",申請期日,教室への参加は、予約制です。<br>神戸市総合コールセンターへお申し込みください。,プレパパママ食育講座（神戸市サイト）,http://www.city.kobe.lg.jp/life/health/promotion/eating/purepapa.html,,
ryoshin-kyoshitsu,両親教室・母親教室,学ぶ・出かける/妊娠出産・育児に関する教室・講座,妊娠中に受けられる講座です,概要,お母さん（とお父さん）が安心して赤ちゃんを迎えられるように、神戸市では保健師、助産師、歯科衛生士等による妊娠、出産、育児等に関する講義を開いています。<br>これからお母さん（お父さん）になられる方同士の交流の場にもなりますので、ぜひお気軽にご参加ください。,対象者,第一子を出産予定の妊婦、及びその夫,申請できる人,対象となる方ご本人,利用料（費用）,無料,申請期日,教室への参加は、予約制です。<br>各区こども保健係へお申し込みください。,両親・母親教室（神戸市サイト）,http://www.city.kobe.lg.jp/child/maternity/seminar/h002.html,,
yochinen-azukari-hoiku,幼稚園の預かり保育,あずける/幼稚園での保育関連サービス,"<p>幼稚園の教育時間終了後もお子さんを預かります</p>
",概要,子育て支援の一環として、神戸市内の一部の幼稚園では、通常の保育終了後、家庭的な雰囲気の中で預かり保育を実施しています。通常の保育料金に加え、預かり保育料金が必要です。,対象者,原則として、その園に在園するお子さん,申請できる人,対象となるお子さんの保護者の方,利用料（費用）,実施日や費用・時間は幼稚園によって異なります。 各園にお問い合わせください。,申請期日,随時,預かり保育（神戸市サイト）,http://www.city.kobe.lg.jp/child/grow/kindergarten/shien/azukari/azukari.html,神戸市私立幼稚園連盟のホームページ（外部サイト）,http://www.kinder-kobe.or.jp/
yochien-nyusho,幼稚園への入園について,あずける/幼稚園での保育関連サービス,,概要,幼稚園では、遊びを通して「人格形成の基礎」や「生きる力の基礎」を培っています。<br>身近な環境（人、自然、もの）の中で様々な遊びを通して、自発性や自主性、豊かな感性を育んでいきます。子どもたちは、遊びの中で試行錯誤を繰り返しながら充実感を味わい、意欲を高めていきます。<br>遊びを通して学んだ心情・意欲・態度が、小学校以降の生活や学習の基盤となっていきます。,対象者,"市立幼稚園　市内に居住しているしている４歳児、５歳児（一部３歳児）<br>
私立幼稚園　ほとんどの私立幼稚園では３歳から入園できます<br>
（幼稚園により募集内容が異なりますので、詳しくは、直接お問合せください)",申請できる人,対象となるお子さんの保護者の方,利用料（費用）,"市立幼稚園　入園料　6,300円（入園時）、保育料　年額120,000円（10回払い）<br>
私立幼稚園　各園により異なりますので、詳しくは、直接お問合せください）",申請期日,<br>4月入園については、前年の10月頃です。<br>,神戸市立幼稚園園児の募集（神戸市サイト）,http://www.city.kobe.lg.jp/child/grow/kindergarten/boshuu/index.html,神戸市私立幼稚園連盟のホームページ（外部サイト）,http://www.kinder-kobe.or.jp/
byoji-byogoji-hoiku,病児・病後児保育,あずける/日常的な保育サービス,"<p>病気のお子さんを預かります</p>
",概要,就学前、または普段は保育所などに通所しているお子さんが、病気や病気の回復期にあることから保育所等での集団保育が難しく、かつ、保護者の方が就労などによって保育を行うことができない場合、病児・病後児保育を行っている施設でお預かりします。<br>神戸市では、病児・病後児の両方に対応できる施設で事業を行っています。,対象者,・対象児童<br>神戸市内に居住している就学前のお子さん、または市内の保育所（園）、幼稚園、小学校に通う小学校低学年までのお子さんで、下記に該当する病気等で、当面の症状の急変が認められない場合もしくは回復期にある場合で他のお子さんとの集団生活が困難なお子さんです。<br><br>・対象疾患 <br>感冒、消化不良症（感染性胃腸炎）等、乳幼児が日常罹患する疾患や感染性疾患（麻疹、水痘、風疹等）、喘息等の慢性疾患及び骨折等の外傷性疾患など,申請できる人,対象となるお子さんの保護者の方,利用料（費用）,"1日子ども1人あたり2,000円<br>生活保護法による被保護世帯、所得税・住民税が非課税の世帯は、利用料金が減額になります。利用申し込み時、施設に申請してください。<br>また利用にあたっては施設への事前登録が必要となります。",申請期日,随時,神戸市病児・病後児保育事業について（神戸市サイト）,http://www.city.kobe.lg.jp/child/grow/support/byouji.html,,
kosodate-refresh-stay,子育てリフレッシュステイ,あずける/一時的な保育関連サービス,"<p>お子さんを一時的にお預かりする制度です</p>
",概要,病気や出産、事故などでお困りになったときや、講座やボランティア活動に参加したり、リフレッシュしたいときに、お近くの児童養護施設、乳児院、母子生活支援施設でお子さんをお預かりする制度です。<br>ショートステイは、宿泊を伴ってお子さんをお預かりします。<br>デイサービスは、一日のうち一定時間お預かりします。<br><br>※施設の入所状況によりご利用が制限される場合があります。,対象者,18歳未満のお子さんをお持ちで、神戸市に住民票がある方,申請できる人,対象となるお子さんの保護者の方,利用料（費用）,"【病気、出産、事故などの場合】<br>2歳未満児、慢性疾患児：ショートステイ5,300円、デイサービス2,400円<br>2歳以上児：ショートステイ4,000円、デイサービス2,400円<br><br>【上記以外、その他の場合】<br>2歳未満児、慢性疾患児：ショートステイ6,600円、デイサービス3,600円<br>2歳以上児：ショートステイ5,200円、デイサービス3,600円",申請期日,ご利用にあたっては事前登録が必要です。<br>登録、利用申込はご希望の施設にご相談ください。,子育てリフレッシュステイ（神戸市サイト）,http://www.city.kobe.lg.jp/child/grow/support/b041.html,,
famirly-support,ファミリー・サポート・センター,あずける/一時的な保育関連サービス,"<p>育児の支援を行う会員組織です。</p>
",概要,神戸市が設置するファミリー・サポート・センターでは、子育ての援助を受けたい人(依頼会員)と援助を行いたい人(協力会員)の会員登録を行い、協力会員が依頼会員に対してさまざまな育児の手助けを行っています。,対象者,・子育ての援助を受けたい方（依頼会員）<br>概ね生後3か月から小学生までの乳幼児、児童がいる方<br>・子育ての援助を行いたい方（協力会員）<br>心身ともに健康で、子育てに理解のある方で自宅で子どもを預かることができる方<br>※センターが実施する説明会、講習会を受講し、会員登録をすることが必要です。<br>※依頼会員と協力会員の両方に登録することもできます。,申請できる人,センターの講習を受講し、会員登録した方,利用料（費用）,時間帯により異なります<br>※詳しくはウェブサイトをご覧ください,申請期日,説明会、講習会等の予約は随時受付しております。,ラブ･リング こうべ（外部サイト）,http://www.with-kobe.or.jp/cgi-bin/news/index.cgi?mode=top&genre=1,,
hoiku-mama,神戸市小規模保育事業,あずける/日常的な保育サービス,"<p>少人数できめ細やかな保育を行います</p>
",概要,"神戸市では、生後6か月過ぎから3歳未満児を対象とした「小規模保育事業」を、平成26年4月から実施しています。<br>
事業を実施するのは神戸市の認定を受けた法人で、保育所運営など児童の健全育成に関する事業について実績のある社会福祉法人、株式会社などが実施事業者となります。<br>
多様なスペースを活用して、少人数できめ細やかな保育を行います。市内38か所で実施しており、定員は9名から19名です。",対象者,生後6か月過ぎから3 歳未満 の児童 (保育を開始する月の1日における満年齢）,申請できる人,保育所に入所申し込みをしているが、待機中となっているお子さんの保護者の方,利用料（費用）,前年分の所得税額等に応じ、月額0円から8万5800円,申請期日,随時,神戸市小規模保育事業（神戸市サイト）,http://www.city.kobe.lg.jp/child/grow/nursery/syokibohoiku.html,,
akachan-home-katei-takujijo,赤ちゃんホーム・家庭託児所,あずける/日常的な保育サービス,"<p>産休明け保育を実施しています</p>
",概要,産休明け（生後7週間目から）の保育は、神戸市独自の「赤ちゃんホーム・家庭託児所」の制度があります。<br>赤ちゃんホーム・家庭託児所とは、保護者が共に働いていたり病気などの理由で、昼間家庭において保育を受けられないお子さんを産休明け（生後7週目から）からお預かりする神戸市独自の制度です。,対象者,赤ちゃんホーム：生後7週目から1歳未満の赤ちゃん<br>家庭託児所：原則として1歳から3歳未満の健全な幼児,申請できる人,対象となるお子さんの保護者の方,利用料（費用）,必要な費用は、「赤ちゃんホーム・家庭託児所保育料表」をご覧ください。,申請期日,随時,赤ちゃんホーム・家庭託児所のご案内（神戸市サイト）,http://www.city.kobe.lg.jp/child/grow/nursery/akaho.html,,
hoikusho-nyusho,保育所への入所について,あずける/日常的な保育サービス,,概要,保育所とは、保護者が共に働いていたり病気などの理由で、昼間家庭において保育を受けられないお子さんを、保護者に代わって保育する児童福祉施設です。市内には66の公立保育所と134の民間保育所があります。,対象者,生後6か月から小学校入学前までのお子さん,申請できる人,対象となるお子さんの保護者の方,利用料（費用）,保育料は、入所するお子さんの世帯の前年分の所得税額等によって決まります。<br>,申請期日,入所の申し込みはいつでも受け付けています。ただし、入所を希望される月毎にしめきりがあります。<br>詳しくは各区こども家庭支援課にお問い合わせください。,保育所入所のご案内（神戸市サイト）,http://www.city.kobe.lg.jp/child/grow/nursery/index_03.html,,
kyujitsu-yakan-hoiku,休日保育,あずける/一時的な保育関連サービス,,概要,日曜・祝日に保護者の勤務等により保育が必要となるお子さんをお預かりします。<br>※甲南山手保育園（東灘区）、名谷みどり保育園（須磨区）で実施,対象者,神戸市内の認可保育所に入所中の満1歳から就学前のお子さんで、保護者の方が休日等に仕事があるため家庭で保育ができないお子さん。,申請できる人,対象となるお子さんの保護者の方,利用料（費用）,"1・2歳児：3,200円（一日）<br>3歳以上：2,400円（一日）<br>（いずれも生活保護・市民税非課税世帯は半額）",申請期日,休日保育についてのご相談や申請の受付けは保育所で行います。詳しくは保育所にお問い合わせください。,,,,
nintei-kodomoen,認定こども園への入所について,あずける/日常的な保育サービス,,概要,"保護者の働いている、いないに関わらず、教育・保育を一体的に行う施設です。またすべての子育て家庭を対象に、子育て不安に対応した相談や親子の集いの場の提供などといった子育て支援を行っています。<br>
「幼保連携型」「幼稚園型」「保育所型」の3タイプがあります。",対象者,保育所定員部分については、保護者が共に働いていたり、病気などの理由で昼間家庭において保育を受けられない生後6か月から小学校入学前までのお子さん。（認可保育所と同要件）,申請できる人,対象となるお子さんの保護者の方,利用料（費用）,各園にお問い合わせください。,申請期日,各園にお問い合わせください。,認定こども園（神戸市サイト）（神戸市サイト）,http://www.city.kobe.lg.jp/child/grow/kodomoen/ninteikodomoen.html,,
ichiji-hoiku,一時保育,あずける/一時的な保育関連サービス,"<p>保育所で一時的にお子さんを預かります</p>
",概要,パートタイム就労や、病気等による緊急時、育児疲れなどのリフレッシュのために保育所で一時保育を行います。<br>（実施保育所は、市内保育所一覧表を参照してください。）,対象者,満1歳から就学前までのお子さんで以下にあてはまる場合<br>・保護者のパートタイム就労や、技能取得のための職業訓練校への通学などによって、ご家庭での保育が断続的に困難となるお子さん（非定型保育）<br>・保護者の病気や出産、ご家族の看護や冠婚葬祭などで、ご家庭での保育が一時的に困難となるお子さん（緊急保育）<br>・保護者の育児に伴う心理的・肉体的負担を解消（児童を体験的に入所させる場合等も含む。）するため保育が必要となるお子さん（リフレッシュ保育）,申請できる人,対象となるお子さんの保護者の方,利用料（費用）,"<br>【非定型保育】<br>日額2,400円（生活保護法による被保護世帯は無料）<br><br>【緊急保育】<br>日額2,400円（生活保護法による被保護世帯は無料）<br><br>【リフレッシュ保育】<br>日額3,600円<br>",申請期日,一時保育についてのご相談や申請の受付けは保育所で行います。利用できる日数に上限があります。詳しくは保育所にお問い合わせください。,一時保育について（神戸市サイト）,http://www.city.kobe.lg.jp/child/grow/nursery/index_02.html,,
encho-hoiku,延長保育・特例保育,あずける/日常的な保育サービス,"<p>保育所で（時間）延長保育をします。</p>
",概要,保育所では、保護者の通勤時間等により通常保育時間（8:00から17:30）内に、お子さんの送迎ができない場合には、保育所での承認を得て特例保育、延長保育がご利用いただけます。<br>（延長時間は、市内保育所一覧表を参照してください。）,対象者,<br>保育所に入所しており、保護者などの就労形態、残業等やむを得ない事情のため、延長保育が必要なお子さん<br>,申請できる人,対象となるお子さんの保護者の方,利用料（費用）,"<br>30分延長保育（午後6時30分まで）が最高2,500円（月）<br>1時間延長保育（午後7時まで）が最高4,500円（月）<br>2時間延長保育（午後8時まで）が最高7,500円（月）<br>上記の他、保育所が独自に定めている場合がありますので、詳しくは保育所に直接おたずねください。<br>特例保育料については通常の保育所の保育料に含まれます。<br>",申請期日,各保育所にお問い合わせください,保育所入所のご案内（神戸市サイト）,http://www.city.kobe.lg.jp/child/grow/nursery/index_03.html,,
shinseiji-homon,新生児訪問,健康/産前・産後の訪問指導,"<p>生後4か月を迎えるまでに全ご家庭を訪問します</p>
",概要,生後4か月を迎えるまでの乳児のいるすべてのご家庭を訪問し、健康状態の確認や必要な保健指導、健康や育児に関する相談、子育て支援に関する情報提供などを行います。お子さんが生まれた際の出生連絡票をもとにご訪問しますので、お申し込みは必要ありません。,対象者,生後4か月を迎えるまでの乳児のいるすべてのご家庭,申請できる人,-,利用料（費用）,無料,申請期日,お子さんが生まれたらできるだけ早めに、母子健康手帳に添付されている「出生連絡はがき」をお住まいの区保健福祉部こども保健係に郵送または提出してください。,新生児訪問（神戸市サイト）,http://www.city.kobe.lg.jp/child/maternity/examination/shinseiji/index.html,,
mijuku-homon,未熟児の訪問指導,健康/産前・産後の訪問指導,"<p>未熟児の家庭を訪問します</p>
",概要,未熟児のお子さんを対象に、保健師や助産師がご家庭を訪問し、健康状態の確認や必要な保健指導、不安や悩みについての相談等を行います。お子さんが生まれた際の出生連絡票をもとにご訪問しますので、お申し込みは必要ありません。<br>,対象者,1. 医療機関から未熟児連絡票の提出があったお子さん<br>2. 低体重児の届出により、訪問の必要を認めたお子さん<br>3. 未熟児養育医療の対象となるお子さん,申請できる人,-,利用料（費用）,無料,申請期日,-,,,,
ninsanpu-homon,妊産婦訪問,健康/産前・産後の訪問指導,妊産婦さんの家庭を訪問します,概要,妊産婦の方（妊娠中、または出産後1年以内）を対象に、保健師や助産師がご家庭を訪問し、健康状態の確認や必要な保健指導、妊娠期間中や出産後の不安や悩みについての相談などを行います。ご希望の方はお電話でお知らせください。<br>,対象者,・神戸市が行う健康診査の結果、訪問指導が必要と思われる妊産婦（妊娠初期から産後1年まで）の方<br>・妊産婦の方で訪問指導を希望する方,申請できる人,対象となる方ご本人,利用料（費用）,無料,申請期日,随時,,,,
nini-yobo-sesshu,任意予防接種,健康/赤ちゃんの予防接種,,概要,予防接種には、法令で定められた定期予防接種と本人が希望して行う任意予防接種とがあります。神戸市では、任意予防接種である小児インフルエンザワクチン接種の一部助成を行っています。,対象者,神戸市に住民登録のある、満１歳以上13歳未満のお子さん。,申請できる人,対象となるお子さんの保護者の方,利用料（費用）,委託医療機関での接種料金の1回目のみ、一部費用を助成します。,申請期日,予防接種の実施スケジュールをご覧ください。,予防接種（神戸市サイト）,http://www.city.kobe.lg.jp/life/health/infection/vaccination/index.html,,
teiki-yobo-sesshu,定期予防接種,健康/赤ちゃんの予防接種,,概要,予防接種には、法令で定められた定期予防接種と本人が希望して行う任意予防接種とがあります。定期予防接種はヒブ、小児用肺炎球菌、4種混合（ジフテリア・百日せき・破傷風・ポリオ）、BCG、麻しん・風しん（MR)、水痘（水ぼうそう）、日本脳炎などがあります。定期予防接種は定められた時期に受けないと、接種費用は自己負担となりますのでご注意ください。,対象者,神戸市に住民登録のある、それぞれの予防接種の対象年齢となったお子さん,申請できる人,対象となるお子さんの保護者の方,利用料（費用）,原則無料,申請期日,予防接種の実施スケジュールをご覧ください。,予防接種（神戸市サイト）,http://www.city.kobe.lg.jp/life/health/infection/vaccination/index.html,,
3sai-kenshin,3歳児健康診査,健康/赤ちゃんの健康,お子さんの健康と成長を定期的に見守ります,概要,3歳の頃はからだやこころの成長とともに社会性も急速に発達し、人間形成の基礎となる大切な時期です。神戸市では3歳児健康診査を実施しています。<br>対象となる方のご家庭に、通知書を郵送してお知らせします。<br>＜健康診査の内容＞<br>小児科診察、歯科診察、耳鼻科診察を行います。全員の方にご案内いたします。また、育児・栄養・歯科・精神発達についての相談も行っています。<br><br>また、健康診査時には、むし歯予防のためのフッ化物塗布を希望者に行っています。（有料）<br>,対象者,神戸市に住所を有する、3歳のお子さん<br>※対象月齢の時期に受診できない場合はお住まいの区のこども保健係へご連絡ください。,申請できる人,-,利用料（費用）,無料,申請期日,-,1歳6か月児・3歳児健康診査（神戸市サイト）,http://www.city.kobe.lg.jp/child/maternity/examination/h007.html,,
1sai6kagetsu-kenshin,1歳6か月児健康診査,健康/赤ちゃんの健康,お子さんの健康と成長を定期的に見守ります,概要,1歳6か月の頃は乳児期から幼児期に移行する大切な時期です。神戸市では1歳6か月児健診を実施しています。<br>対象となる方のご家庭に、通知書を郵送してお知らせします。<br>＜健康診査の内容＞<br>小児科診察、歯科診察（むし歯予測テストを実施）を行います。全員の方にご案内いたします。また、育児・栄養・歯科・精神発達についての相談も行っています。<br><br>また、健康診査時には、むし歯予防のためのフッ化物塗布を希望者に行っています。（有料）,対象者,神戸市に住所を有する、1歳6か月のお子さん<br>※対象月齢の時期に受診できない場合はお住まいの区のこども保健係へご連絡ください。,申請できる人,-,利用料（費用）,無料,申請期日,-,1歳6か月児・3歳児健康診査（神戸市サイト）,http://www.city.kobe.lg.jp/child/maternity/examination/h007.html,,
9kagetsu-kenshin,9か月児健康診査,健康/赤ちゃんの健康,"<p>お子さんの健康と成長を定期的に見守ります</p>
",概要,お子さんの病気の予防と病気の早期発見、そして健康保持と増進を目的として9か月児健康診査を実施しています。<br>対象となる方のご家庭に、通知書を郵送してお知らせします。<br>＜健康診査の内容＞<br>指定医療機関で総合的な健康診査を行っています。,対象者,神戸市に住所を有する、生後9か月のお子さん<br>※対象月齢の時期に受診できない場合はお住まいの区のこども保健係へご連絡ください。,申請できる人,-,利用料（費用）,無料,申請期日,-,4か月児・9か月児健康診査（神戸市サイト）,http://www.city.kobe.lg.jp/child/maternity/examination/h006.html,,
4kagetsu-kenshin,4か月児健康診査,健康/赤ちゃんの健康,"<p>お子さんの健康と成長を定期的に見守ります</p>
",概要,お子さんの病気の予防と病気の早期発見、そして健康保持と増進を目的として4か月児健康診査を実施しています。<br>対象となる方のご家庭に、通知書を郵送してお知らせします。<br>＜健康診査の内容＞<br>問診・診察、また、育児・栄養・歯科についての相談も同時に行っています。,対象者,神戸市に住所を有する、生後4か月のお子さん<br>※対象月齢の時期に受診できない場合はお住まいの区のこども保健係へご連絡ください。,申請できる人,-,利用料（費用）,無料,申請期日,-,4か月児・9か月児健康診査（神戸市サイト）,http://www.city.kobe.lg.jp/child/maternity/examination/h006.html,,
senten-taisha-ijo-kensa,先天性代謝異常等検査,健康/赤ちゃんの健康,,概要,神戸市では、生後5日から7日までの新生児を対象として、フェニールケトン尿症等の先天性代謝異常や先天性甲状腺機能低下症（クレチン症）などの内分泌疾患を早期に発見するために先天性代謝異常検査等を行っています。（19疾患）<br>これらの疾患を早期に発見し、適切な治療を続ければ、障害などの発生を未然に防ぐことができます。,対象者,神戸市内の医療機関・助産所で出生した新生児,申請できる人,対象となるお子さんの保護者の方<br>（出産した医療機関・助産所で検査申込書をご記入いただきます）,利用料（費用）,"無料<br>※採血料は別途3,500円かかります。<br>なお所得によっては採血料が公費負担となりますので、お住まいの区の区役所こども家庭支援課こども保健係にお問い合わせください。",申請期日,-,先天性代謝異常等検査（神戸市サイト）,http://www.city.kobe.lg.jp/child/maternity/examination/h004.html,,
shimin-kenshin,市民健診（神戸市健康診査、特定健康診査、がん検診等）,健康/お母さんの健康,保護者の方の健診も充実しています,概要,子育て世代の方々は、自分自身の健康よりも子どものことばかりになりがちです。保護者が健康であってこその子育てです。日ごろから自分自身の健康管理もしっかりしておきましょう。<br>神戸市では、神戸市健康診査、神戸市国保特定健康診査、がん検診等を実施しています。<br>たとえば、30歳、35歳から39歳で健診を受ける機会の無い方は神戸市健康診査を、40歳以上の方は特定健診を受けましょう。<br>乳がん検診や子宮頸がんの検診は、年度年齢が偶数年齢を迎える方が対象になります。,対象者,健診・検診、年齢により異なります。<br>※詳細は、神戸市ホームページ　市民健診（神戸市健康診査、特定健康診査、がん検診等）をご覧ください。,申請できる人,,利用料（費用）,健診・検診、年齢により異なります。<br>※詳細は、神戸市ホームページ　市民健診（神戸市健康診査、特定健康診査、がん検診等）をご覧ください。,申請期日,-,市民健診（神戸市健康診査、特定健康診査、がん検診等）（神戸市サイト）,http://www.city.kobe.lg.jp/life/health/checkup/shimin/index.html,,
ninpu-shika-kenshin,妊婦歯科健康診査,健康/お母さんの健康,妊娠中の歯の健康を守ります,概要,妊娠中は、つわりやホルモンの影響で、口の中の状態が変化しやすくむし歯や歯周病にかかりやすくなるため注意が必要です。体調が安定すれば歯科健診を受けましょう。,対象者,安定期に入ってすぐ、妊娠16週から20週くらいに受けましょう。,申請できる人,対象となる方ご本人,利用料（費用）,無料<br>（妊娠期間中に1回）,申請期日,市内の「指定（実施）医療機関（歯科医院）」でのみ受診できます。<br>母子健康手帳交付時に受診券をお渡しします。<br>電話予約のうえ、受診してください(予約制)。,妊婦歯科健康診査（神戸市サイト）,http://www.city.kobe.lg.jp/life/health/checkup/dental/ninpu.html,,
shiritsu-yochien-shuen-shorei,私立幼稚園就園奨励助成金,あずける/幼稚園での保育関連サービス,"<p>私立幼稚園の通園にかかる費用を補助します</p>
",概要,私立幼稚園に通うお子さんの保護者の方の経済的な負担を軽減するため、入園料・保育料を補助する事業を行っています。 <br>世帯の所得に応じて補助を行っています。世帯の所得により補助額は異なります。また、兄弟の就学状況や対象園児が第何子かによっても、額は異なります。補助金の詳細は、神戸市ホームページをご覧ください。<br>この助成金に関する手続きは、在籍される幼稚園を通じて行っていただきます。幼稚園からパンフレットならびに調書をお受け取り頂き、調書と添付書類をご準備の上、各幼稚園に提出してください。,支給内容,助成金の金額は、保護者の「平成24年度　市民税所得割額」を基準に、小学校(3年生まで）または幼稚園等に通っている兄姉の人数により決定します。,対象者,私立幼稚園に通っている満3歳児（3歳の誕生月から補助対象）、3歳児（4月1日時点で3歳の者）、4歳児及び5歳児の保護者の方で、園児の住民票が神戸市にあることが条件です。,申請できる人,対象となる方ご本人,申請期日,4月に在園している方には6月頃、各幼稚園を通じてお知らせの配布並びに受付を行います。,私立幼稚園就園奨励助成金のご案内（神戸市サイト）,http://www.city.kobe.lg.jp/child/grow/support/gakuzi001.html,,
judosyogaisya-koreijudosyogaisya,重度障害者・高齢重度障害者医療費助成,おかね/未熟児・障がい・難病のお子さんへのお金の支援,"<p>障害をお持ちのお子さんの医療費の一部を助成します</p>
",概要,一定以上の障害をお持ちのお子さんの医療費の一部を助成します。病院などで受診する際に保険証といっしょに重度障害者医療費受給者証を提示することで助成を受けることができます。（兵庫県内のみ有効ですので県外で受診された場合は、償還払いの手続きが必要です）,支給内容,医療保険を利用して医療を受けた場合の自己負担分（医療費の3割など）から福祉医療一部負担金を控除した額,対象者,以下の1から6までの全てを満たしている方<br>1.神戸市内に住所を有すること<br>2.次のいずれかに該当すること<br>   ・身体障害者手帳1級または2級<br>   ・重度の知的障害<br>   ・身体障害者手帳3級と中度の知的障害との重複障害者<br>   ・内部障害（心臓、じん臓、呼吸器、ぼうこう、直腸、小腸、ヒト免疫不全ウイルスによる免疫、肝臓機能）の等級が3級の身体障害者手帳所持者<br>   ・精神障害者保健福祉手帳1級（精神疾患にかかる医療費については福祉医療の助成対象外で、一般医療のみが福祉医療の助成対象です。）<br>3.所得制限の限度額未満の方<br>4.何らかの医療保険制度に加入していること<br>5.老人医療、乳幼児等・こども医療、または母子家庭等医療の受給者、または生活保護受給者でないこと<br>6.医療の目的をもって、単身で神戸市内に転入した者でないこと<br>,申請できる人,対象者ご本人,申請期日,随時,重度障害者・高齢重度障害者医療費助成（神戸市サイト）,http://www.city.kobe.lg.jp/life/community/handicap/iryoutokyufu/iryou/11_1_4.html,,
tokutei-shikkan-kenkyu,特定疾患医療費の助成,おかね/未熟児・障がい・難病のお子さんへのお金の支援,難病患者さんの医療費を補助します,概要,原因が不明で治療法が確立していない、いわゆる難病と呼ばれる疾患のうち、ベーチェット病を始めとする56の疾患が特定疾患として指定されています。この制度は、都道府県が実施主体となり、患者さんの入院、通院にかかる医療費の一部（または全部）を公費で負担することにより、受療を推進し、その原因を究明することを目的にしているものです。対象となる疾患は難病センターなどのホームページをご覧ください。,支給内容,医療保険適用後の自己負担額の一部または全額を公費負担します。<br>※保険診療以外の治療は対象外です。,対象者,兵庫県内に住民票があり、厚生労働省の定める56疾患にかかっている方のうち、同省が定める認定基準を満たし、医療保険の被保険者及び被扶養者である方,申請できる人,対象となる方ご本人もしくはご家族,申請期日,随時,難病などでお悩みの方に（神戸市サイト）,http://www.city.kobe.lg.jp/life/health/promotion/intractable/nanbyou.html#1,,
shoni-mansei-tokutei-shikkan-kenkyu,小児慢性特定疾病医療費の助成,おかね/未熟児・障がい・難病のお子さんへのお金の支援,,概要,"お子さんの慢性疾患のうち、その治療が長期にわたる特定の疾病について、その治療にかかる医療費の一部または全額を公費により負担します。<br>この事業は、小児慢性特定疾病の治療の確立と普及を図り、お子さんの心身にわたる健全な育成を促進するとともに、ご家庭の経済的な負担を軽減するために実施しています。
<br><br>
<a href=""http://kosodatetown.mamafre.jp/syonimansei-tokuteishikkan-taisyosikkan
/"" class=""arrow"">対象となる疾病についてなど、詳しくはこちら（子育てタウンサイト）</a>",支給内容,医療費（医療保険各法の適用範囲内）、入院時食事療養費及び訪問看護医療費にかかる自己負担分ならびに薬剤一部負担金から、月額の自己負担限度額（所得に応じたもの）を差し引いた残額を神戸市が負担します。<br>※審査があります。,対象者,神戸市に居住し、小児慢性特定疾病医療費助成制度の対象疾病にり患している18歳未満（18歳になる時点で給付を受けている場合は、20歳未満）のお子さん。,申請できる人,対象となるお子さんの保護者の方,申請期日,随時,小児慢性特定疾病医療費助成制度のご案内（神戸市サイト）,http://www.city.kobe.lg.jp/life/health/promotion/intractable/child/annai.html,,
shogaiji-fukushi-teate,障害児福祉手当,おかね/未熟児・障がい・難病のお子さんへのお金の支援,"<p>障害のあるお子さんを支援します</p>
",概要,障害児福祉手当とは、精神または身体に重度の障害があり、日常生活において常時介護を必要とする20歳未満のお子さんに対して、福祉の向上を図ることを目的として支給される手当です。<br>所得制限がありますので、基準額以上の所得がある場合、手当は支給されません。,支給内容,"月額1万4140円<br>
（2月、5月、8月、11月に、前月までの3か月分をまとめて支給）<br><br>

※上記は、2014年4月分からの手当額です。<br>
　（2014年3月分までは、月額1万4180円）",対象者,下記の要件を満たす、20歳未満の障害児の方<br><br>（1）下記のいずれかにあてはまる障害があること<br>　1 両眼の視力の和が0.02以下のもの<br>　2 両耳の聴力が補聴器を用いても音声を識別することができない程度のもの<br>　3 両上肢の機能に著しい障害を有するもの<br>　4 両上肢のすべての指を欠くもの<br>　5 両下肢の用を全く廃したもの<br>　6 両大腿を2分の1以上失ったもの<br>　7 体幹の機能に座っていることができない程度の障害を有するもの<br>　8 前各号に掲げるもののほか、身体の機能の障害又は長期にわたる安静を必要とする病状が前各号と同程度以上と認められる状態であって、日常生活の用を弁ずることを不能ならしめる程度のもの<br>　9 精神の障害であって、前各号と同程度以上と認められる程度のもの<br>　10 身体の機能の障害若しくは病状又は精神の障害が重複する場合であって、その状態が前各号と同程度以上と認められる程度のもの<br>　（備考）　視力の測定は、万国式試視力表によるものとし、屈折異常があるものについては矯正視力によって測定する。<br><br>（2）障害基礎年金など、障害を事由とする年金等の給付を受けることができないこと<br><br>（3）肢体不自由児施設など、居住施設等へ入所していないこと,申請できる人,対象者ご本人、法定代理人、任意代理人,申請期日,随時,生活の自立「経済的支援」（神戸市サイト）,http://www.city.kobe.lg.jp/life/community/handicap/seikatsujiritsu/keizaishien/s063.html,,
tokubetsu-jido-fuyo-teate,特別児童扶養手当,おかね/未熟児・障がい・難病のお子さんへのお金の支援,"<p>障害のあるお子さんをお持ちの家庭を支援します</p>
",概要,特別児童扶養手当とは、精神または身体に障害のある20歳未満のお子さんを養育している方に、お子さんの福祉の増進を図ることを目的として支給される手当です。<br>所得制限がありますので、基準額以上の所得がある場合、手当は支給されません。,支給内容,"●特別児童扶養手当1級（重度）：月額4万9900円<br>
●特別児童扶養手当2級（中度）：月額3万3230円<br>
（4月、8月、11月に4か月分をまとめて支給）<br><br>

※上記は、2014年4月分（8月支給分）からの手当額です。",対象者,20歳未満で、法令により定められた程度（重度の場合は1級、中度の場合は２級となります。詳しくは窓口にお問い合わせください。）の障害のある児童を養育する父母または養育者<br><br>＜手当の受給（申請）ができない場合＞<br>・養育している障害児が施設等に入所している場合<br>・養育している障害児が日本国内に住所を有しない場合<br>・養育している障害児が当障害を支給事由とする年金を受給している場合<br>・受給者（申請者）が、日本国内に住所を有しない場合<br>,申請できる人,対象者ご本人,申請期日,随時,生活の自立「経済的支援」（神戸市サイト）,http://www.city.kobe.lg.jp/life/community/handicap/seikatsujiritsu/keizaishien/s063.html,,
hitorioya-yutai,神戸市のひとり親の方への優待制度,おかね/ひとり親の方へのお金の支援,,概要,"<p>ひとり親の方への貸付・優待制度には、「市バス市営地下鉄等の無料乗車証」の他に「JR
西日本通勤定期の割引」「たばこ小売販売業の許可」「電話設置時の優遇措置」「利子非課税制度」「税の軽減措置」があります。</p> <p>詳細は各制度のページをご覧ください。</p> <ul> <li><a href=""http://www.city.kobe.lg.jp/child/family/mother/treat/b063.html"" target=""_blank"">JR西日本通勤定期の割引</a></li> <li><a href=""http://www.city.kobe.lg.jp/child/family/mother/treat/b064.html"" target=""_blank"">たばこ小売販売業の許可</a></li> <li><a href=""http://www.city.kobe.lg.jp/child/family/mother/treat/b065.html"" target=""_blank"">電話設置時の優遇措置</a></li> <li><a href=""http://www.city.kobe.lg.jp/child/family/mother/treat/b066.html"" target=""_blank"">利子非課税制度</a></li> <li><a href=""http://www.city.kobe.lg.jp/child/family/mother/treat/b067.html"" target=""_blank"">税の軽減措置</a></li> </ul>",支給内容,優遇制度ごとに異なります。,対象者,優遇制度ごとに異なります。,申請できる人,優遇制度ごとに異なります。,申請期日,優遇制度ごとに異なります。,貸付・優待制度（神戸市サイト）,http://www.city.kobe.lg.jp/child/family/mother/treat/index.html,,
muryo-josha,市バス市営地下鉄等の無料乗車証,おかね/ひとり親の方へのお金の支援,"<p>神戸市が独自に支援しています</p>
",概要,児童扶養手当受給世帯や母子家庭医療の助成を受けている世帯（父子世帯を除く）、母子生活支援施設入所世帯のうち1人に、無料乗車証が交付されます。,支給内容,市バス、市営地下鉄、神姫バス（神姫ゾーンバスを含む）、山陽バス、神鉄バス、神戸新交通（ポートライナー・六甲ライナー）、阪急バス、阪神バス……「全線共通パス」,対象者,児童扶養手当受給世帯や母子家庭医療の助成を受けている世帯、母子生活支援施設入所世帯,申請できる人,対象となる方ご本人、対象者がお子さんの場合は保護者等,申請期日,随時,市バス市営地下鉄等の無料乗車証（神戸市サイト）,http://www.city.kobe.lg.jp/child/family/mother/treat/b062.html,,
koutou-kunren-sokushin,高等技能訓練促進費,おかね/ひとり親の方へのお金の支援,"<p>ひとり親のお母さんの資格取得中の生活費を補助します</p>
",概要,母子家庭の母が看護師や介護福祉士などの資格取得のため、2年以上養成機関で修業する場合に次の手当が支給されます。<br>・高等技能訓練促進費(修業期間中の生活費の負担軽減のため)<br>・入学支援修了一時金(入学時の負担軽減のため),支給内容,＜高等技能訓練促進費＞<br>最大月額14万1000円<br>＜入学支援修了一時金＞<br>最大5万円<br>※対象の方の状況により金額は異なります。,対象者,神戸市にお住まいの母子家庭の母で、次の要件の全てを満たす方<br>・母子家庭の母（児童扶養手当受給者または児童扶養手当を受給できる所得水準にある者）であること。<br>・養成機関において2年以上のカリキュラムを修業し、対象資格の習得が見込まれる者であること。<br>・就業または育児と修業の両立が困難であると認められる者であること。<br>・過去にこの訓練促進費または一時金を受給していないこと。<br>※ハローワークなどの訓練手当を受けたことがある場合は要相談,申請できる人,対象となる方ご本人,申請期日,＜入学支援修了一時金＞<br>修業開始時においても、母子世帯であること等が支給の条件となります。また、修了した日の翌日から30日以内に申請が必要です。,就業支援のこと（神戸市サイト）,http://www.city.kobe.lg.jp/child/family/mother/work/bm090301.html,,
jiritsu-kunren-kyufu,自立支援教育訓練給付金,おかね/ひとり親の方へのお金の支援,"<p>ひとり親のお母さんの講座受講にかかる費用を補助します</p>
",概要,雇用保険による教育訓練給付の受給資格を持たない母子家庭の母が、就職やキャリアアップのために指定された教育訓練講座を受講し、修了した場合、受講に要した費用の一部が支給されます。なお、受講が修了していないと給付金は支給されません。,支給内容,"受講費用の20％<br>※上限10万円<br>（4,000円を超えない場合は支給されません）",対象者,神戸市にお住まいの母子家庭の母で、次の要件の全てを満たす方<br>・児童扶養手当受給者または児童扶養手当を受給できる所得水準にあること。<br>・雇用保険法による教育訓練給付の受給資格を有していないこと。<br>・当該教育訓練が適職に就くために必要であると認められるものであること。<br>・過去にこの訓練給付金を受給していないこと。,申請できる人,対象となる方ご本人,申請期日,給付を受けるためには、当該教育訓練（講座）を受けることが適職に就くために必要であるということについて、事前相談を受けてください。<br>また、受講開始日の前月10日までに「対象講座指定申請」を行い、受講修了日1か月以内に「給付金支給申請」の提出が必要となります。,就業支援のこと（神戸市サイト）,http://www.city.kobe.lg.jp/child/family/mother/work/bm090301.html,,
mijuku-iryohi-josei,未熟児等の医療費助成,おかね/未熟児・障がい・難病のお子さんへのお金の支援,未熟児の入院治療費を補助します。,概要,未熟児養育医療の給付とは身体の発育が未熟なままで生まれ、入院を必要とする赤ちゃんに対して、その治療に必要な医療費を助成するものです。入院して養育を受ける必要があると医師が認めた乳児（満1歳未満）が対象となります。,支給内容,指定養育医療機関での入院費のうち保険診療にかかる自己負担額および食事療養費について、出生から最長で生後１年まで、神戸市が負担します。,対象者,"神戸市内に住所を有する満１歳未満の乳児で、出生体重が2,000ｇ以下または、生活力が特に弱く、医師が未熟児として指定医療機関での入院養育が必要であると認めた方（※審査があります）",申請できる人,対象となるお子さんの保護者の方,申請期日,生後１か月以内に申請してください。,妊娠高血圧症候群（妊娠中毒症）・未熟児等の医療費助成（神戸市サイト）,http://www.city.kobe.lg.jp/child/maternity/support/h011.html,,
fushi-shikin,父子家庭児童福祉資金貸付,おかね/ひとり親の方へのお金の支援,"<p>ひとり親のお父さんに目的にあった資金をお貸しします</p>
",概要,父子家庭の児童が就学、就職するときに必要な費用、または修学、知識技能の習得に必要な費用を貸し付けることによって、父子家庭の児童の福祉を向上するための制度です。,支給内容,目的により、貸付限度額、据置期間、償還期間が異なります。,対象者,兵庫県内に居住し、次のいずれかに該当する男性が育てている20歳未満のお子さん<br>・配偶者と死別した男性<br>・配偶者と離婚した男性<br>・配偶者の生死が不明な男性,申請できる人,対象となる児童,申請期日,資金によって異なります,父子家庭児童福祉資金貸付（神戸市サイト）,http://www.city.kobe.lg.jp/child/family/father/school/bf016.html,,
boshi-kafu-shikin,母子寡婦福祉貸付金,おかね/ひとり親の方へのお金の支援,"<p>ひとり親のお母さんに目的にあった資金をお貸しします</p>
",概要,母子家庭の児童の福祉を向上するため、児童の就学、就職、または知識技能の習得に必要な資金を貸し付けます。また、母子家庭の母等が経済的に自立して安定した生活を送るために必要な資金を貸し付けます。なお、貸付にあたっては審査があります。,支給内容,目的により、貸付限度額、据置期間、償還期間が異なります。,対象者,"神戸市内に居住し、次に該当する方<br>＜母子家庭の場合＞<br>20歳未満のお子さんを扶養していて、下記に該当する方<br>・配偶者が死亡または配偶者と離婚し、現に結婚していない<br>・配偶者の生死が不明または配偶者から6か月以上遺棄されている<br>・配偶者が外国にいるため、その扶養を受けられない<br>・配偶者が精神または身体の障害により長期にわたって働けない<br>・配偶者が法令により拘禁されているため、その扶養を受けられない<br>・婚姻によらないで母となり、現に結婚していない<br><br>＜寡婦の場合＞<br>・寡婦（配偶者のない女子であって、かつて配偶者のない女子として20歳未満のお子さんを扶養していたことのあるもの）またはかつて母子家庭の母であった方<br>・40歳以上で配偶者のない方（婚姻をしたことのない独身の方は含まれません）<br>※40歳以上で配偶者のない方に関しては、特別な事情がないときは、前年度の所得が2,036,000円以下の場合に限り貸付の対象となります。<br><br>",申請できる人,母子家庭の母または寡婦の方,申請期日,資金によって異なります,母子寡婦福祉貸付金（神戸市サイト）,http://www.city.kobe.lg.jp/child/family/mother/treat/b018.html,,
boshi-iryohi-josei,母子家庭等医療費助成,おかね/ひとり親の方へのお金の支援,"<p>母子家庭等の、お母さんまたはお父さんと、そのお子さんの医療費の一部を助成します。</p>
",概要,母子家庭等のお母さんまたはお父さんと、そのお子さんの医療費の一部を助成します。病院などで受診する際に、保険証と母子家庭等医療費受給者証を提示することで助成を受けることができます。（兵庫県内のみ有効ですので県外で受診された場合は、償還払いの手続きが必要です）<br>,支給内容,医療保険を利用して医療を受けた場合の自己負担分（医療費の3割など）から福祉医療一部負担金を控除した額,対象者,下記の条件をすべて満たしている方<br>・神戸市内に住所を有すること<br>・母子家庭の母と児童、父子家庭の父と児童、または父母のいない児童であること<br>・所得制限の限度額未満であること<br>・何らかの医療保険制度に加入していること<br>・対象となる方が生活保護受給者、もしくは老人医療費助成、重度障害者医療費助成、または乳幼児等・こども医療費助成の受給者でないこと,申請できる人,対象となる方ご本人,申請期日,随時,母子家庭等医療費助成（神戸市サイト）,http://www.city.kobe.lg.jp/life/support/medical/11_1_3.html,,
jido-fuyo-teate,児童扶養手当,おかね/ひとり親の方へのお金の支援,"<p>ひとり親の方の子育てを支援します</p>
",概要,児童扶養手当とは、ひとり親家庭などの生活の安定と自立を助け、お子さんが健やかに育つために役立てていただくよう支給される手当です。お子さんが18歳になるまで（法令で定める障害の状態にある場合は20歳になるまで）支給されます。<br>所得制限がありますので、基準額以上の所得がある場合、手当は支給されません。,支給内容,"所得や対象となるお子さんの人数によって支給額が異なります。<br>
（4月、8月、12月に、前月までの4か月分をまとめて支給）<br><br>

●お子さん1人のとき（月額）<br>
　全部支給の場合：4万1020円<br>
　一部支給の場合：4万1010円から9680円<br>
●お子さん2人のとき（月額）<br>
　全部支給の場合：4万6020円<br>
　一部支給の場合：4万6010円から1万4680円<br>
●以降は一人増えるごとに3000円が加算されます。<br>

※上記は、2014年4月分（8月支給分）からの手当額です。",対象者,次のいずれかの条件にあてはまる児童を監護している母､児童を監護し、かつ、生計を同じくする父または父もしくは母に代わってその児童を養育している方<br>※児童とは､18歳になって以降、最初の3月31日までの方です｡ただし､心身に一定の障害がある方は、20歳の誕生日の前日までの方が支給対象になります｡ <br>・父母が婚姻（内縁関係を含む）を解消した児童<br>・父または母が死亡した児童<br>・父または母が一定の障害の状態にある児童<br>・父または母の生死が明らかでない児童<br>・父または母から1年以上遺棄されている児童<br>・父または母が裁判所からのDV（配偶者からの暴力）保護命令を受けた児童<br>・父または母が引き続き1年以上拘禁されている児童<br>・婚姻によらないで生まれた児童<br>・父母ともに不明である児童,申請できる人,対象となる方ご本人,申請期日,随時,児童扶養手当（神戸市サイト）,http://www.city.kobe.lg.jp/child/family/mother/school/b013.html,,
jido-teate,児童手当,おかね/子育て中のお母さんへのお金の支援,"<p>お子さんの育成に必要な費用を補助します</p>
",概要,父母その他の保護者が子育ての第一義的責任を有するという基本的認識の下に、家庭における生活の安定と、次世代を担うお子さんの健やかな成長に資することを目的として、お子さんを養育している方に児童手当を支給します。,支給内容,"＜0歳から3歳未満＞<br>
　月額1万5000円<br>
＜3歳から小学生＞<br>
　第1子、第2子：月額1万円<br>
　第3子以降 ：月額1万5000円<br>
＜中学生＞<br>
　月額1万円<br><br>

※所得制限限度額以上の方は年齢、出生順位にかかわらず一人あたり月額5000円（特例給付）",対象者,対象となる年齢のお子さんを養育している方<br>※父母が共にお子さんを養育している場合は、お子さんの生計を維持する程度の高い方（原則、所得の高い方）になります。                                             <br>,申請できる人,対象となるお子さんを養育している方,申請期日,随時<br>※手当の支給は、原則として請求をした日の属する月の翌月分からです。<br>※手続きが遅れると、受けられる月分の手当が受けられなくなりますので、ご注意ください。,児童手当（神戸市サイト）,http://www.city.kobe.lg.jp/child/grow/support/b016.html,,
kodomo-iryohi-josei,乳幼児等・こども医療費助成,おかね/子育て中のお母さんへのお金の支援,"<p>お子さんの医療費の一部を助成します</p>
",概要,お子さんが保険証を使って病院などにかかったときの外来、入院の医療費の一部を助成します。0歳から15歳までのお子さんが助成の対象となります。<br>病院などで受診する際に、保険証と乳幼児等・こども医療費受給者証を提示することで助成を受けることができます。（兵庫県内のみ有効ですので県外で受診された場合は、償還払いの手続きが必要です）,支給内容,医療保険を利用して医療を受けた場合の自己負担分（医療費の3割など）から福祉医療一部負担金を控除した額<br>,対象者,0歳から15歳までのお子さんで下記の条件をすべて満たしている方<br><br>・神戸市内に住所を有すること<br>・何らかの医療保険制度に加入していること<br>・お子さんが生活保護受給者、もしくは重度障害者医療費助成、または母子家庭等医療費助成の受給者でないこと<br>・ 0歳児以外は所得制限があります。,申請できる人,対象となるお子さんの保護者の方,申請期日,随時,乳幼児等・こども医療費助成（神戸市サイト）,http://www.city.kobe.lg.jp/life/support/medical/11_1_2.html,,
shussan-ichiji,出産育児一時金,おかね/妊娠・出産したお母さんへのお金の支援,神戸市国民健康保険加入者が出産したとき、出産育児一時金が支給されます。,概要,神戸市国民健康保険に加入している方が出産したときは、その世帯主からの申請により、出産育児一時金を支給します。,支給内容,出生児1人につき42万円<br>（産科医療補償制度対象外の場合は40万4000円）,対象者,神戸市国民健康保険の加入者(被保険者)で出産した方<br>※妊娠85日以上での出産であれば、流産や死産も支給対象となります。<br>※他の健康保険から出産育児一時金を受けられる方は、神戸市国民健康保険からは支給しません。,申請できる人,世帯主の方,申請期日,出産翌日から2年以内<br>※直接支払制度を利用される場合は、出産予定の医療機関等にご相談ください。,出産育児一時金について（神戸市サイト）,http://www.city.kobe.lg.jp/life/support/insurance/kyufu/04_6.html,,
josan,助産制度,おかね/妊娠・出産したお母さんへのお金の支援,"<p>経済的な理由等で入院助産を受けることができない方のための制度です</p>
",概要,必要があるにもかかわらず、経済的な理由で病院または助産所に入院できない妊産婦の方を対象に、助産施設（指定病院）で出産していただくための制度です。（事前に申請が必要です）,支給内容,出産に要する費用の一部（または全部）<br>※収入に応じた負担金があります。,対象者,"入院助産が必要な妊産婦の方で、世帯の課税状況が次のいずれかに当たる方<br><br>＜階層区分/世帯区分＞<br>A. 生活保護受給世帯（単給を含む。）及び中国残留邦人等の円滑な帰国の促進及び永住帰国後の自立の支援に関する法律による支援給付受給世帯<br>B. 市民税非課税世帯<br>C1. 市民税額が均等割のみの世帯<br>C2. 市民税額に所得割の額がある世帯<br>D.  所得税の額が8,400円以下の世帯<br><br>※ただし、上記のC1、C2、Dの階層の世帯に属する妊産婦の方で、社会保険等から出産育児一時金等の出産に関する給付（「出産一時金」など）を受けることができる額が39万円以上の方は対象になりませんのでご注意ください。",申請できる人,対象となる方ご本人,申請期日,なるべく早く区役所の窓口でご相談ください<br>※入所後の申請は認められません,助産施設の利用（神戸市サイト）,http://www.city.kobe.lg.jp/child/maternity/support/b061.html,,
ninshin-koketsuatsu,妊娠高血圧症候群（妊娠中毒症）の医療費助成,健康/お母さんの健康,"<p>妊娠中毒症の入院費を補助します</p>
",概要,糖尿病、貧血、産科出血、心疾患などの妊娠高血圧症候群（妊娠中毒症）により、7日以上入院が必要な妊産婦の方を対象に入院医療費を助成します。対象となるのは医療保険の自己負担分となります。<br>対象となる妊産婦の方が退院した日以後、30日以内（ただし、入院期間が21日を超える場合は、入院した日から起算して22日以降30日以内）に申請を行ってください。,支給内容,医療保険の自己負担分の一部,対象者,"市内にお住まいの方で、妊娠高血圧症候群（妊娠中毒症）等により入院が必要な妊産婦の方で、以下の条件を満たす方<br>・入院日数が７日以上であること<br><br>※前年所得税課税年額が15,000円以下の世帯の人<br>・助産施設への入所をしていないこと",申請できる人,原則として支給を受ける方ご本人,申請期日,対象の方が退院した日以後30日以内<br>（ただし、入院期間が21日を超える場合は、入院した日から起算して22日以降30日以内）,妊娠高血圧症候群（妊娠中毒症）・未熟児等の医療費助成（神戸市サイト）,http://www.city.kobe.lg.jp/child/maternity/support/h011.html,,
satogaeri-ninpu-kenshin,県外里帰り出産時の妊婦健康診査の費用助成,健康/お母さんの健康,"<p>県外へ里帰りして妊婦健診を受診される方へ健診費用の一部を償還払いします</p>
",概要,神戸市にお住まいの妊婦の方が、県外の病院や助産所などで健診を受診した場合、その健診にかかった費用の一部を償還払いします。妊婦健康診査の受診日当日かつ申請日時点で神戸市内に住民登録のある方が対象です。<br>申請期限は出産または妊娠の終了から1年以内です。ただし、転出予定の方は、必ず転出前に申請を行ってください。,支給内容,県外医療機関で受診された妊婦健康診査について、いったん立て替え払いしていただいたのち、事後に公費助成の範囲内でお支払いします。<br>※対象とならないもの<br>1. 日本国外での健診費用<br>2. 保険適用診療分の費用<br>3. テキスト代や物品代など、定期の健診費用以外にかかる費用<br>4. 県内の医療機関で受診した健診費用<br>5. 妊娠しているかどうか調べるための検査費用,対象者,妊婦健康診査の受診日当日かつ申請時点で神戸市内に住民登録のある方<br>（転出予定の方は転出前に申請してください） <br>　,申請できる人,対象となる方ご本人,申請期日,分娩または妊娠の終了から1年以内<br> （ただし、神戸市外へ転出される予定の方は転出前に必ず手続きしてください）<br>※1回の妊娠において申請できるのは1回のみです。まとめて申請してください。,兵庫県外で妊婦健診を受けられる神戸市民の妊婦の皆様へ（神戸市サイト）,http://www.city.kobe.lg.jp/life/health/checkup/conception/kengaininpu.html,,
ninpu-kenshin,妊婦健康診査,健康/お母さんの健康,"<p>妊娠中の健康を見守ります</p>
",概要,妊婦さんやお腹の赤ちゃんの健康状態を定期的に確認するのが妊婦健康診査です。妊婦さんの健康診査は、一般的に出産までに14回程度受診するのが望ましいとされています。しかし、妊娠は病気ではないため健康保険は適用されません。出産までの健診を受ける際の経済的な負担を軽くするため、妊婦健康診査費用の助成を行っています。,支給内容,"・基本的な検査の補助券（5,000円）14枚<br>（各回の健診につき1枚、使用してください）<br>・その他の検査の補助券（1,000円）18枚<br>（1回の健診で複数枚の使用が可能です）<br>※ただし健診費用が補助券の助成額を上回ったときは、超過分は自己負担（有料）となります。<br>※多胎の妊婦の方には1,000円券18枚を追加でお渡ししています。",対象者,神戸市内にお住まいの妊婦の方<br>市外から転入された方は、区役所・支所・北神こども保健係の窓口まで、母子健康手帳と前住所地で受け取った受診券をご持参ください。,申請できる人,申請は必要ありません<br>（母子健康手帳と一緒にお渡しします）,申請期日,申請は必要ありません<br>（母子健康手帳と一緒にお渡しします）,神戸市では妊婦健康診査の公費助成を14回実施しています（神戸市サイト）,http://www.city.kobe.lg.jp/life/health/checkup/conception/index.html,,
kokuho-kanyu,国民健康保険の加入,届出/妊娠・出産に関する届出,,概要,国民健康保険の被保険者の方にお子さんが生まれた場合、お子さんの国民健康保険の加入について届出が必要になります。<br>また、神戸市国民健康保険に加入している方が出産した場合は、出産育児一時金が支給されます。,対象者,神戸市の国民健康保険の被保険者で、出産された方<br>※勤務先の健康保険や国民健康保険組合等、神戸市の国民健康保険以外の公的医療保険に加入されている方は、ご加入の保険者にお問い合わせください。,届出できる人,世帯主の方,届出期日,出産日から14日以内,手数料,-,こんなときは必ず14日以内に届出を（神戸市サイト）,http://www.city.kobe.lg.jp/life/support/insurance/shikumi/02.html,,
shussho-todoke,出生届,届出/妊娠・出産に関する届出,"<p>出産したら14日以内に届け出を</p>
",概要,出生届を出されると、生まれてきたお子さんの氏名等が戸籍（日本国籍のお子さん）や住民票に記載されます。戸籍に記載されることで、生まれてきたお子さんの親族関係が公的に証明されます。出生地、本籍地または届出人の所在地の市区町村窓口で受け付けています。出生の日から数えて14日以内に届出をしてください。,対象者,お子さんが生まれた方,届出できる人,お子さんが生まれた方<br>（父または母。来庁できない場合も届書の届出人の署名・押印は、父または母となります。届書を持参される方はどなたでも結構です。）,届出期日,出生の日から数えて14日以内<br>（14日目が休日の場合は、翌開庁日）<br>国外で生まれた場合は、生まれた日から3か月以内,手数料,無料,出生届（神戸市サイト）,http://www.city.kobe.lg.jp/life/registration/koseki/04_shussei.html,,
ninshintodoke-boshitecho,妊娠の届出・母子健康手帳の交付,届出/妊娠・出産に関する届出,妊娠が分かったら早めに届出を,概要,妊娠おめでとうございます！妊娠が分かったら妊娠の届出をしてください。妊娠の届出をした妊婦さんに母子健康手帳をお渡ししています。母子健康手帳は、これから予防接種や健康診査などを受ける際に必要となります。お母さんの妊娠からお子さんが小学校に入学するまでの、お母さんとお子さん両方の大切な健康の記録となります。,対象者,妊娠がわかった妊婦の方,届出できる人,対象となる方ご本人<br>（体調などの理由で来所できない場合は、区役所のこども保健係でご相談ください）,届出期日,妊娠が分かり次第早めに<br>（届け出る時期については特に決まりはありませんが、厚生労働省が推進している国民運動「健やか親子21」においては「妊娠11週以内」の届出が推奨されています。）,手数料,無料,母子健康手帳の交付（神戸市サイト）,http://www.city.kobe.lg.jp/child/maternity/notebook/index.html,,
shiritsu-genmen,市立幼稚園保育料減免のご案内,あずける/幼稚園での保育関連サービス,,概要,"神戸市では、幼稚園教育の一層の普及、充実を図るための一つとして、経済的な理由により保育料の納入が困難な保護者に対して、保育料の全部または一部を免除しています。<br>
希望される方は、幼稚園からのご案内によりお申し込みください。",支給内容,減免の内容は、市民税の課税状況や、その他考慮すべき事情をふまえて決定されます。,対象者,経済的な理由により保育料の納入が困難な保護者の方,申請できる人,対象となる方ご本人,申請期日,"在籍されている幼稚園を通じてお知らせと申請書の配布、申請の受付を行います。<br>
受付時期は、第1回6月頃、第2回11月頃、第3回2月頃の予定です。<br>
※どの時期に申し込んでいただいても4月（途中入園の場合入園月）から減免を開始します。<br>ただし、世帯状況の変更により減免となった場合、変更が生じた月から減免を開始します。",神戸市：市立幼稚園保育料減免のご案内（神戸市サイト）,http://www.city.kobe.lg.jp/child/grow/support/gakuzi002.html,,
kinkyo-doukyo-sumikae-jyosei,親・子世帯の近居・同居住み替え助成,子育て中のお母さんへのお金の支援,子育て世帯とその親世帯が近くに住み替える際の引っ越し代を助成します,概要,小学校入学前のお子さんがいる子世帯とその親世帯が近くに住むことになった場合に、移転した世帯に引っ越し代を助成します。<br>（26年度の助成予定件数は約60件です。助成予定件数に達すれば受付を終了します。）,支給内容,引っ越し代の半額で、上限10万円まで助成します。,対象者,"次の(1)から(5)の要件すべてを満たす場合<br>
(1)子世帯は小学校入学前のお子さんがいる世帯。<br>
(2)親世帯は神戸市に1年以上住んでいる世帯。<br>
(3)子世帯と親世帯が同居もしくは近居する。<br>
　近居は、同一小学校区内もしくは直線距離で概ね1.2km以内（ただし、近居の範囲で移転する場合は対象にはなりません。）<br>
(4)移転世帯の年収が700万円未満である。<br>
(5)移転先の住宅が、新耐震基準に適合している、広さが最低居住面積水準以上である。",申請できる人,27年3月31日までに移転することが決まっている世帯の世帯主の方<br>（引っ越し前に手続きが必要です。）,申請期日,先着順のため、申請件数が本市の予算額に達した時点で受付を終了します。この場合、受付の終了は下記神戸市サイトにてお知らせします。,神戸市　親・子世帯の近居・同居住み替え助成事業（神戸市サイト）,http://www.city.kobe.lg.jp/life/town/house/information/oyako.html,,
zensokuji-suiei-challenge,平成25年度　ぜん息児の水泳チャレンジ！,,,概要,神戸市内にお住まいの、気管支ぜん息の治療中である5歳から小学校6年生までのお子さんとその保護者の方を対象に、医師による「ぜん息と運動」に関する講話と個別相談会を実施します。参加者には、参加者特典としてスイミングスクールの受講料を補助します。,対象者,神戸市内にお住まいで、気管支ぜん息の治療中である5歳から小学校6年生までのお子さんとその保護者の方、30組（定員を超えた場合は抽選）,申請できる人,対象となる方ご本人,利用料（費用）,無料,申請期日,平成25年8月8日（木曜）<br>※定員に満たない場合は、締め切り後も申し込みを受け付けます。,平成25年度　ぜん息児の水泳チャレンジ！（神戸市サイト）,http://www.city.kobe.lg.jp/life/health/promotion/allergy/swimming.html,,
piyopiyo-tai,ぴよぴよ隊（シルバー人材センター）,一時的な保育関連サービス,お母さんたちの活動場所でお子さんをお預かりします,概要,シルバー人材センターでは、子育て中のお母さんたちの活動を応援するため、出前託児サービス「ぴよぴよ隊」を実施しています。<br>保育士資格を持つ隊員、または子育て経験のある隊員がお母さんたちの活動場所に出向いて、お子さんをお預かりします。お母さん方が、スポーツや料理、リフレッシュなどグループで活動する時などに利用できます。,対象者,概ね1歳から就学前のお子さんをお持ちのお母さんのグループ,申請できる人,対象となる方ご本人,利用料（費用）,１グループ（5人以内）の場合：2時間3000円（託児者2名）<br>※子どもの人数などにより料金が異なります。,申請期日,随時（ご利用の2週間前までにお申し込みください。期日を過ぎた場合は別途ご相談ください。）,託児サービスの紹介（神戸市サイト）,http://www.city.kobe.lg.jp/life/livelihood/welfare/childcare_service.html,神戸市出前託児サービス“ぴよぴよ隊”（外部サイト）,http://www.kobe-sjc.or.jp/piyopiyo/
kosodate-ringi-tokurei,子育て世帯臨時特例給付金,おかね/子育て中のお母さんへのお金の支援,,概要,平成26年4月からの消費税率引上げに伴い、子育て世帯への影響を緩和し、子育て世帯の消費の下支えを図る観点から、臨時的な措置として、子育て世帯臨時特例給付金を支給します。,支給内容,"支給対象となるお子さん1人につき1万円<br><br>

※支給は一回限りです。",対象者,"平成26年1月分の児童手当（特例給付を含む）の支給対象となる方で、平成25年の所得が児童手当の所得制限額未満の方が対象です。<br><br>

※ただし、以下の場合などは対象外となります。<br>
・臨時福祉給付金の対象となっている場合<br>
・生活保護制度の被保護者となっている場合",申請できる人,対象となる方ご本人,申請期日,"支給には、平成26年1月1日において住民登録がされている市区町村への申請が必要です。<br>
（※平成26年1月2日以降に転入されてきた方は、転入前の市区町村にお問い合わせください。）<br><br>

申請時期や申請方法などについては、市のホームページや広報紙などで、順次お知らせします。",子育て世帯臨時特例給付金に関するお知らせ（神戸市サイト）,http://www.city.kobe.lg.jp/life/community/rinjikyufu/koshodatetokurei.html,,
ringi-fukushi-kyufu,臨時福祉給付金（簡素な給付措置）,おかね/子育て中のお母さんへのお金の支援,,概要,平成26年4月からの消費税率引上げに伴い、所得の低い方々への負担の影響に配慮し、暫定的・臨時的な措置として、臨時福祉給付金を支給します。,支給内容,"●支給対象となる方1人につき1万円<br><br>

●支給対象者の中で下記に該当する方は、5000円が加算<br>
（1）老齢基礎年金、障害基礎年金、遺族基礎年金などの受給者<br>
（2）児童扶養手当、特別児童扶養手当、障害児福祉手当などの受給者<br><br>

※支給は一回限りです。",対象者,"平成26年度分の市民税（均等割）が課税されない方が対象です。<br><br>

※ただし、以下の場合などは対象外となります。<br>
・ご自身を扶養している方が課税される場合<br>
・生活保護制度の被保護者等となっている場合",申請できる人,対象となる方ご本人,申請期日,"支給には、平成26年1月1日において住民登録がされている市区町村への申請が必要です。<br>
（※平成26年1月2日以降に転入されてきた方は、転入前の市区町村にお問い合わせください。）<br><br>

申請時期や申請方法などについては、市のホームページや広報紙などで、順次お知らせします。",「臨時福祉給付金（簡素な給付措置）」及び「子育て世帯臨時特例給付金」について（神戸市サイト）,http://www.city.kobe.lg.jp/life/community/rinjikyufu/,,
